name,age,street,city,state,zip,lng,lat
Lori Turner,51,65066 Jimenez Parkway Suite 990,Williamsview,New Mexico,02968,-100.256234,81.144390
Christian Cohen,66,01750 Raymond Path Apt. 822,East Zacharychester,Michigan,87523,-137.753161,33.308799
Erin Thomas MD,32,392 Angelica Divide,Dennisville,Indiana,51282,-121.900245,-12.621281
Daniel Hunt,64,07717 Hart Loaf Apt. 370,Fletcherville,Kansas,84105,-30.142305,47.5480515
Derek Sheppard,77,52240 Christopher Street Suite 413,Samanthaberg,Montana,90767,17.930999,6.2229845
Stephanie Schwartz,24,55182 Reed Views,New Brandon,Colorado,41803,120.053597,-43.0473645
Tanya Price,74,907 Brandon Trail Suite 454,Valeriefurt,Arizona,75700,-29.238272,0.471490
David Wagner,54,070 Hill Radial,Brittanyborough,Mississippi,26929,72.340249,-76.5158555
David Pittman,40,28433 Martin Prairie Apt. 255,South Ashley,Connecticut,81996,35.209425,-36.5252335
Albert Escobar,71,44671 Marilyn Overpass Apt. 112,North Zacharytown,Oklahoma,68744,44.887812,87.5754305
Melissa Stewart,38,0420 Andrea Rapid,Douglasside,Alabama,65218,-43.646841,46.5648975
Lori Martinez,35,20578 Brooks Ville Suite 881,Jacksonville,Ohio,64622,39.991581,-13.923047
Christopher Brewer,30,27544 Blake Highway,Lake Seanfurt,Georgia,84168,-29.244621,31.3118725
Laura Bonilla,66,781 Adriana Mountains,Annabury,Alaska,93255,174.012602,-38.002571
Lawrence Koch,32,126 Alexandra Circle,Port Erinhaven,Ohio,25754,-93.685639,21.2241965
Erica Perry,41,250 Palmer Causeway,Amandachester,Georgia,17970,62.031673,-20.474003
Tracy Newman,22,373 Leon Center Apt. 284,New Megan,Alaska,11182,-80.481854,61.6607925
Kristen Martin,80,68241 Rios Vista Suite 792,Merrittburgh,North Dakota,57633,-92.861781,-57.3492825
Troy Long,18,16116 Devin Overpass,West Curtis,Maine,96508,44.631972,-33.2540535
Kimberly Herman,33,528 Briggs Well,Timothybury,Pennsylvania,36722,126.755830,-1.417687
Ashley Ray,53,09225 Kirby Fall,Holmesshire,Vermont,53860,-40.517454,-64.626318
Edward Martinez,44,697 Johnson Cliffs,Kellyton,Nebraska,78116,39.682610,3.516137
Terry Johnson,34,70068 Maldonado Ports,Smithfort,Utah,71685,128.641298,-34.3786535
Linda Sullivan,69,0435 Brown Shoal Apt. 897,West Christina,New Jersey,46240,88.391865,88.511102
Denise Schultz,55,64282 Shawn Manor Apt. 453,New Shannon,Nebraska,66614,-17.632565,-46.469501
Emily Salinas,66,7848 Yolanda Rapid Apt. 645,Bradyhaven,Massachusetts,01696,-91.239900,26.8196295
Shannon Beasley,64,410 Kim Cape,Goodwinport,Missouri,57610,-50.890358,-75.4855435
Jacqueline Chavez MD,56,4626 Haney Rue Suite 378,Proctorside,West Virginia,33740,-150.007000,37.3542725
Sue Hill,19,483 Mark Island Apt. 252,Whiteborough,Maryland,01405,-177.334363,25.1857735
Christopher Gonzalez,74,26124 Melanie Branch Suite 670,Fitzgeraldmouth,Vermont,38669,-58.335674,-10.418499
Peggy Thompson,23,957 Sanchez Locks,North Tyler,New York,37761,-103.921753,11.2875605
Jennifer Franklin,21,76441 Anderson Row,Port Lauraland,Oregon,57861,-30.554021,-88.528574
Nicholas Simpson,34,832 George Route Suite 430,Paulland,Nebraska,39967,7.318098,-74.088752
Matthew Hess,38,43749 Reid Tunnel,North Veronica,Indiana,05247,-173.492578,65.072759
Marco Boone,43,13200 Jill Canyon Apt. 142,East Jillmouth,South Carolina,08167,115.602726,-46.091887
Lisa Stephens,52,604 Anna Forks Suite 376,Cartermouth,Rhode Island,40172,122.258759,-87.2275435
Ashlee Mendoza,25,2348 Anthony Extensions,Tonyamouth,North Dakota,20021,-36.863958,-5.564646
Joseph Brown,31,992 Mary Corners Suite 536,New Johnny,Maryland,32825,-129.333127,67.828865
Mark Landry,38,260 Higgins Fords Suite 292,Fordberg,Massachusetts,31399,-133.680522,45.1995645
Kristine Smith,34,563 Christopher Oval Suite 561,Donaldsonland,New York,48413,162.175094,15.2296785
Ryan Barber,79,799 Meredith Branch Apt. 528,North Angelabury,Washington,70837,-152.660173,17.421981
Tina Tran,62,6367 Belinda Radial Apt. 403,Ericfort,Oregon,49489,49.004309,-66.696303
Amanda Martinez,37,899 Joseph Inlet,Port Cassie,New Hampshire,84719,88.303475,-43.0897375
Michael Wright,73,59130 Brandon Park,Youngview,Arkansas,75253,-151.398255,58.028521
Juan Scott,71,77844 Whitney Underpass,North Kristin,South Dakota,11570,-19.735217,69.749436
Tyler Norris,75,144 Jeremy Street,Port Steven,Kentucky,96528,41.804231,78.714396
Alec Espinoza,40,8554 Kyle Villages,Clarkmouth,Alabama,27776,13.459451,-9.242682
Casey Mitchell,46,363 Santos Spurs,Gilbertborough,Arizona,17262,-165.253291,-61.477009
Deanna Bailey,34,3208 Jordan Club Apt. 552,Michaelville,Nevada,40500,92.818074,-64.598708
Tyler Roberts,49,51252 Evans Lodge Apt. 526,Port Jeremyport,Michigan,25182,108.805952,-26.5953805
Courtney Randolph,34,70807 Cline Cliff Suite 546,Juliefurt,Iowa,96361,-138.127229,16.473496
Benjamin Tucker,41,85121 Tanner Drive Suite 729,Monicamouth,Arizona,77945,109.238884,66.985252
Janet Jones,53,1737 Johnson Walk Suite 331,Briannaside,Wisconsin,14225,69.214897,20.4775845
Bryan Espinoza,22,57443 Williams Curve Apt. 028,West Antonioton,New Mexico,46490,-55.543407,42.097474
Sheila Perez,71,361 Clark Flats,Dodsonberg,New Jersey,11482,-50.951897,68.7269865
Brenda Edwards,24,9448 Wright Plains,Lake Kaylaburgh,Tennessee,37631,87.465455,40.393217
Karen Moss,74,3448 Best Wall,Ericfurt,South Dakota,73810,-104.482750,24.2940765
Tyler Smith,24,5276 Lee Square Suite 647,Haleytown,California,07571,91.274829,23.9228265
Joshua Hall,25,11756 Gregory Cove Suite 318,Leechester,Arkansas,88778,137.153299,62.261449
Erin Decker,56,870 Pierce Mill,Melissabury,Montana,55294,93.958402,1.061388
Victoria Allison,61,1346 Jessica Oval Apt. 611,Port Johnnyfort,Illinois,41885,-19.675164,20.422635
Valerie Jones,79,5042 Lindsey Avenue Apt. 924,North Anna,South Carolina,02082,138.157571,-6.4438975
Shaun Graham,24,192 Owens Creek Apt. 110,East William,New Jersey,69887,59.922805,19.464369
Tony Clark,35,069 Hanson Skyway,Jacobshire,New Mexico,53915,52.747160,17.802373
Jacob Blackburn,57,569 Faulkner Spurs,Port Laura,Delaware,26652,91.895673,8.9889645
John Frederick,65,926 Compton Skyway Suite 866,Foxport,New Mexico,06112,92.895384,22.046963
Angela Ward,54,6991 Ball Pike,East Andrew,Louisiana,40903,104.213450,75.2678885
Tommy Ward,47,8273 Brown Rapids Apt. 972,Jacobberg,Kansas,58428,-143.667090,62.329722
Ryan Cobb,33,806 Wheeler Isle,Aprilberg,Montana,84788,78.965312,70.609954
Ryan Rodriguez,57,5835 Friedman Flats Suite 217,South Williamfurt,Tennessee,36478,80.519423,-27.3249585
Jennifer Newman,39,6785 Nancy Falls,New Edwinshire,Utah,29555,167.070261,74.9631495
Vincent Davis MD,60,011 Chapman Plain,Mortonton,Oregon,36730,-2.035015,-79.290418
Alison Martinez,40,164 Morrow Mountains,Sandovalport,Kentucky,06366,-155.789678,63.216591
Linda Roberts,70,32284 Kim Squares Apt. 566,Melissahaven,Maryland,40788,175.662597,-27.8293295
Paul Norman,27,13302 Rojas Walk,North Debbie,Idaho,25913,153.357273,-40.4939675
Denise Jackson,59,34050 Suarez Rapid,East Rose,North Carolina,93439,-103.915273,-67.6140975
Natasha Lindsey,49,9932 John Locks Apt. 603,North Jose,Mississippi,73403,18.170209,22.5482865
Edward Perez,79,138 Bush Key Apt. 704,West Patriciastad,California,03930,-7.605178,52.560546
Barbara Patterson MD,44,005 Mark Pine Apt. 803,North Christopher,Tennessee,19911,-30.783236,49.5561755
Amanda Washington,54,11768 Holmes Club,Mariamouth,Wyoming,56545,-15.093079,-48.6376085
William Holmes,37,190 Brooks Lake,Kaylachester,Montana,61557,-112.132587,61.7504085
Andrea Thomas,26,18481 Bartlett Lodge Apt. 734,North Josephmouth,Florida,01711,159.830695,-63.8957255
Amber Lewis,80,625 Jeremy Island,Pattersonberg,Kansas,97488,15.290966,-70.3875565
John Davis PhD,75,8954 Jamie Pines,West Michael,California,79128,-27.054701,4.826048
Nathan Morgan,40,605 Brown Plains Apt. 535,North Andrewmouth,Oregon,54540,163.718780,-83.9169025
Janet Jones,30,903 Crystal Islands,Williamshire,Utah,28251,59.681026,34.4293315
Scott Matthews,45,68703 Kellie Path,West Monicamouth,Montana,07361,20.189234,40.3901975
Amy Hoffman,75,022 Burns Burgs,Duncanshire,Mississippi,57567,119.892009,24.528771
Christine Brown,56,68014 Jenny Isle Suite 934,Adrianside,New York,59587,-140.769983,38.220934
Lisa Cooper,67,15211 Jeffery Groves Suite 746,East Sarahfurt,Massachusetts,97562,119.240048,-89.3774505
Tiffany Harper,52,434 Turner Hollow Apt. 989,Jamesfort,Georgia,91616,42.987869,43.2623705
Charles Cohen,30,79161 Cruz Prairie,West Michael,Georgia,47275,107.128471,-86.3217685
Maria Stafford,49,8643 Carson Crossroad Suite 430,Port Ericabury,Washington,67810,105.011122,69.6613925
Anthony Smith,49,64759 Lewis Bridge,Espinozachester,Virginia,28193,-79.225104,-40.631275
Dennis Wright,68,337 Miller Springs,Lorimouth,Oregon,32723,-141.116573,-60.1046895
Sarah Keith MD,20,497 Stevens Square,Trujilloside,California,17075,66.173434,77.882362
Tammy Sanchez,33,815 Gibson Road,Buckchester,Alaska,08686,117.411694,-64.696729
Raymond Smith,59,385 Bernard Garden,Willisbury,Hawaii,61596,126.615267,71.2118925
Steven Hernandez,26,462 Wade Causeway,Michaelport,West Virginia,90265,164.994365,-79.423342
Johnathan Miller,40,895 Lopez Forks Apt. 662,Lake Kevin,New Hampshire,98325,145.027005,43.658407
Thomas Harrison,29,97150 David Rest Suite 368,West Michael,Pennsylvania,95715,173.065726,81.001280
Kevin Leblanc,69,57780 Reeves Mills,East Jonathan,Alabama,49357,100.065094,-15.4220145
Donald Reed,65,009 Cardenas Forges,Andersonchester,Michigan,48867,-87.518267,36.1846935
Maria Carroll,38,0115 Moore Flats Apt. 223,New Jessica,Missouri,98028,166.439410,-62.630683
Marc Richards,35,498 Tyler Walks Suite 113,Langborough,Hawaii,92984,-151.412988,-63.510608
Tracy Wilson,68,460 Brown Villages Apt. 319,South Kristintown,Mississippi,59906,-103.995724,39.697498
James Simpson,67,245 Sanders Lake,Andersonburgh,Arkansas,19811,-140.451497,-29.090170
Kylie Johnson,32,0623 William Mission,Michelleside,California,91656,-169.837900,-49.426579
Belinda Green,26,5009 Scott Flat Suite 742,Perezshire,Connecticut,32177,-47.489810,80.003062
Pamela Chapman,35,1377 Michele Green,South Mark,South Dakota,60302,-82.669640,4.6498235
Dawn Figueroa,80,5263 Steven Forges Suite 958,Lake Lisa,Ohio,29238,162.289691,-52.596846
Nicholas Montgomery,56,3138 Nelson Center,Port Jessica,Ohio,88767,-164.615845,51.7093605
Catherine Joseph,37,112 Tracy Run Apt. 291,East Josetown,Alabama,34999,66.323423,36.929523
Tonya Crane,64,54668 Tammy Green Suite 788,Jamesview,Tennessee,11777,-84.702882,8.821731
Jamie Lloyd,34,428 Mendez Road Suite 392,New Katherineberg,Mississippi,27714,157.531972,-59.3452795
Margaret Davis,69,37622 Wolf Estate Suite 754,Isaacport,Wisconsin,41428,116.923051,-37.786164
Cheryl Turner,21,2052 Rodriguez Run,West Miguel,Maryland,41247,-78.148647,53.549128
Desiree Carroll,55,2609 Brett Throughway,New Jennifer,Wyoming,32628,-2.346754,-64.687064
David Dillon,80,888 Bennett Loaf Apt. 535,North Kevinview,Pennsylvania,12565,-57.025284,-34.9849455
Andrew Daniels,57,5482 Jackson Forge Suite 718,Adambury,Montana,11110,116.956869,-24.8236405
Richard Rivera,66,946 Brown Knolls Apt. 007,West Karenburgh,Tennessee,25821,-131.237524,10.445997
Briana Berry,57,6474 Rachel Turnpike,New Bradleyton,Michigan,58236,79.366178,14.5140765
Monica Nichols,33,92687 Justin Burgs Suite 778,Bowmanborough,Pennsylvania,83317,-50.997752,-72.1018325
Alexander Barnes,58,678 Kimberly Ranch Suite 418,Scottburgh,Florida,42789,-72.904375,44.453486
John Norton,48,719 Adams Shoal,New Anthonyton,Oklahoma,18781,31.974388,-22.8286955
Susan Hudson,21,547 Christopher Place Apt. 669,New Nicholas,Nebraska,70966,125.917087,15.8677125
Michael Morales,61,509 Lisa Junctions Suite 465,Samanthaport,Florida,94870,54.512176,-49.066899
Darius Osborne,70,751 Christopher Squares Apt. 552,Tylerville,Wisconsin,75705,119.239613,-87.6867225
Debra Moore,21,550 Steven Streets Suite 989,Lake Todd,Montana,89943,-26.641779,68.869961
Holly Cardenas,41,034 Smith Mount,Lindaberg,Oregon,53513,35.853882,52.2552875
William Jackson,45,5410 Noah Field,South Jamesmouth,Delaware,00650,-17.071775,64.070170
Robert Cox,65,55419 Robert Alley,Wellsport,Maine,57410,-46.320348,16.219754
David Stevens,34,660 Linda Springs,Donnaview,Washington,95292,-103.454618,32.950034
Sandra Hicks,34,678 Smith Drive,North Michelleberg,Oklahoma,90300,-96.817944,-86.683220
Jeffrey Roberson,22,9829 Jessica Shoal Apt. 619,South Justinchester,Kentucky,23604,39.668153,-10.238864
Matthew Jones,58,20729 Grant Park Suite 490,Nicoleburgh,Nebraska,20651,-39.920900,80.7224945
Matthew Conner,47,3458 Howard Ridges Apt. 438,South Darryl,Utah,33453,-28.560613,19.583213
Courtney Russell,79,295 Eric Squares,Port Coreyfort,Utah,35287,-163.276141,-30.036219
David Robles,43,6482 Brown Turnpike Apt. 187,Samuelburgh,Rhode Island,10731,40.612217,-60.5847345
Matthew Cox,18,9945 Greene Burgs,Markfurt,Montana,63397,-173.495747,12.224162
Ashley Ball,56,99659 Rose Plains Apt. 680,South Katherinefurt,New Jersey,95448,-146.482458,16.512599
Gregory Miles,65,094 William Street Apt. 880,Port Karenshire,Arkansas,03283,148.975734,-35.043276
Catherine Higgins,76,8488 Rachael Hills,West Devonport,Connecticut,77021,-111.788857,-37.3432695
Nicole Waller,47,517 April Landing,West Christopher,North Dakota,65393,100.121953,77.225971
Peter Tapia,75,0674 Jarvis Junction Apt. 572,Ericafort,South Dakota,93122,154.464232,63.6330915
Autumn Novak,71,4264 Cowan Underpass,New Jesse,Nebraska,50134,-121.158473,22.1010295
Wendy Ferguson,20,2004 Sarah Haven,Jillianview,Ohio,36331,-87.814902,-26.8507085
Joseph Rodriguez,73,95627 Melissa Loaf,South Mckenziemouth,Wyoming,54282,74.900179,43.183787
Danielle Shaw MD,54,8879 Wendy Forge,Lake Emilyville,Hawaii,82775,-15.712104,5.772553
Joshua Beasley,34,141 Wilson Mountain Suite 901,Hillside,Tennessee,89971,-96.269778,-60.635749
Brianna Hale,37,416 Valerie Light,North Matthewview,Colorado,29794,137.353828,4.1666835
Christine Schneider,21,94888 Stewart Terrace,Stephensmouth,Pennsylvania,70726,-55.041408,45.298754
Brooke Hart,32,7564 Jennifer Club,Wilsonland,West Virginia,42942,16.819079,54.186155
Lisa Oneill,62,918 Reynolds Bypass,Port Lindsey,Vermont,18675,96.799363,41.9667845
Rodney Miller Jr.,48,7579 Cooper Extensions,Rebeccahaven,New York,70310,43.986732,86.070924
Randy Reyes,48,50795 Joshua Isle,Port Anthony,Illinois,65811,45.078432,77.203510
Michael Rogers,64,86457 Gonzalez Knolls,Shawnview,Pennsylvania,53057,-16.533736,-63.194984
Christopher Briggs,32,52601 Williams Estates Suite 512,North Leslieborough,North Carolina,06552,145.742210,-20.8192275
Lauren Wilson,58,23894 Sawyer Overpass Apt. 925,Lake Donna,Maine,34945,71.103762,78.662105
Lisa Brown,28,3198 Goodwin Tunnel,East David,Idaho,62525,160.288032,5.579044
Lisa Duffy,62,982 Mason Mount,Lake Sarahhaven,Rhode Island,45880,114.498321,-89.763390
Peter Mcdonald,61,697 Martinez Track,Raymouth,Rhode Island,45554,-21.545413,55.9612225
Elizabeth Gonzales,69,706 Theresa Spurs Suite 136,Austinburgh,North Carolina,84849,-89.095415,21.1227765
Patrick Spencer,18,9724 Butler Lodge,Carlyland,New Hampshire,43850,-138.442352,71.448392
James Smith,70,54912 Brenda Knoll Suite 830,South Christinetown,Oklahoma,51315,-83.917462,-21.5594625
Megan Ali,26,76335 Ortiz Fork,Lake David,Oregon,56968,-67.963557,27.799738
Haley Terry,18,3216 Barbara Meadow Apt. 998,Hawkinsmouth,Utah,16011,-160.027200,44.076173
Scott Griffin,74,2038 Zachary Square,North Timothystad,New Jersey,32101,-27.222911,38.6456305
Chad Smith,76,82687 Flowers Estate,South Ashley,Kentucky,07094,-142.798993,-89.1740615
Benjamin Martin,69,3087 Kevin Union Apt. 703,South Veronicashire,Colorado,25169,-132.873561,46.5234575
Jeffery Harper,41,78678 Amanda Lights Apt. 812,Lake Danielleside,Wisconsin,41331,-34.711207,41.590854
Michelle Lara,58,5029 Alexis Passage,West Rebecca,Texas,78896,26.489343,56.709701
Joanne Smith,57,96144 Thompson Station,Maryborough,New Jersey,35940,-109.273566,33.943845
Jessica Murray,74,182 Hawkins Freeway,Port Brendaland,Arizona,24048,64.982311,-37.591880
Paul Cummings,23,366 Carl Estates Suite 255,Andreabury,South Dakota,03847,119.667592,-11.3014115
Justin Richards,40,367 Juan Islands Apt. 032,Barrettburgh,Michigan,88315,14.282551,72.671886
Mary Robertson,18,979 Kelly Spring Apt. 150,Lake Karenfort,Michigan,04401,-5.088233,-56.1327325
John Wright,53,4203 Tanya Isle Suite 495,Davidmouth,South Carolina,01817,-37.119389,76.3325145
Tanya Merritt,32,58984 Dylan Cape Apt. 228,Kimberlymouth,Ohio,81428,-22.929212,-78.309852
Karen Randall,43,09383 Jennifer Plain,Anthonytown,Hawaii,04219,66.380856,-48.283075
Cynthia Garcia,69,125 Guerrero Vista Apt. 110,Port Diana,Ohio,83629,-109.898446,-33.7488685
Peggy Williams,78,0930 Myers Port Apt. 263,South Kaylaburgh,Oklahoma,21541,-74.602184,85.5206045
Dennis Martinez,19,55498 Victor Village,Brownfurt,California,89546,108.568413,-69.3261655
Robert Skinner,72,849 Heather Bridge Apt. 310,Davidstad,Texas,85756,8.288048,86.347790
Laurie White,23,544 Willie Lock,Thomasfort,Maine,27159,16.892929,65.667098
Linda Alvarez,69,747 Lori Terrace Suite 794,Jenningsshire,Illinois,70892,74.150200,62.6304575
Christian Hall,42,8714 James Springs Apt. 665,North Sydney,Idaho,98335,-120.893741,14.4223055
Nicole Wheeler,36,112 Wilkins Forge,Mikeville,Louisiana,32345,-79.802954,-37.880206
Jacob Delacruz,27,62963 Jackson Forges,North Jocelyn,Arkansas,64079,-171.092064,59.561669
Phillip Lane,67,5655 Manning Dam,Hopkinsshire,Oklahoma,06493,-41.489479,12.329040
Jennifer Lindsey,43,7114 Carroll Estate,Port Jamesfurt,New Jersey,71214,-0.168376,71.342500
Nicholas Mcdonald,19,974 Cox Stream,Mortonbury,Louisiana,14135,-35.743298,24.3266445
Michael Sellers,61,343 Michael Expressway Suite 947,South Anthonyside,Idaho,94009,-27.451729,20.9321585
Nicholas George,40,278 Diaz Overpass Suite 609,Ortizshire,Tennessee,08704,82.863999,68.802363
Stacy Ortiz,27,96779 Rosario Crossing Apt. 420,Port Ericmouth,Utah,64983,132.008387,-12.5479875
James Matthews,67,13390 Michael Garden Suite 295,Cochrantown,Colorado,26111,123.247498,-13.484457
Jessica Newton,35,6351 Miller Orchard Suite 969,North Jenniferland,West Virginia,12175,-138.226644,60.142262
Kelly Johnson,79,16022 Joshua Port Apt. 885,Ramirezfurt,Connecticut,14939,-74.159710,-46.5682665
Gabriel Andrews,74,291 Macdonald Islands Apt. 037,Jessicaville,Maine,19412,-20.359380,58.4770545
Paul Patton,62,81227 Brown Harbor,Pacehaven,South Carolina,45107,-92.943962,-20.709749
David Jackson,62,617 Thompson Gateway,South Carlahaven,Wisconsin,81411,-74.895520,4.449411
Teresa Gomez,43,19817 Crystal Extension Suite 242,Ericstad,Tennessee,29215,67.746166,3.537195
Destiny Boyd,43,2389 Tucker Common,Cookbury,Rhode Island,44308,-147.962062,25.296365
Robin Green,64,12045 Monica Isle,Brianchester,New Jersey,67445,56.479257,-10.749127
Rachel Nelson,64,30950 Davis Ways Apt. 204,Taylorberg,Oregon,66446,41.104781,6.447532
Kevin Yang,66,3248 Welch Place,New Carrie,Texas,81540,145.323537,38.972750
Eugene Brady,32,2454 Robert Port,Timothyburgh,Wyoming,07913,-11.293481,-21.427655
Kathy Martin,69,1333 Cuevas Plaza Apt. 354,South Samuelview,Vermont,74438,-176.789933,76.5578995
Joshua Cox,75,5208 Johnston Estate Suite 573,Kirkborough,Arizona,40656,106.706672,-31.0305695
Jacob Stephens,67,57371 Vincent Street Apt. 365,East Stephanieside,Washington,96823,149.529215,-83.243845
Randall Williams,24,0099 Kyle Road,North Richardfort,Arkansas,68529,-158.037427,-86.5040285
Susan Jones,29,68822 Christine Row,North Kayla,Michigan,75624,113.092880,-36.5309355
Lauren Ward,28,11850 James Bypass,South Toddberg,Montana,43076,85.974378,46.164232
Gregory Maxwell,58,75344 Joshua Circle,North Michaelshire,Utah,25452,-0.683444,-9.4280175
Eric White,55,725 Ralph Turnpike,New Kevin,Colorado,73443,-141.099880,56.365603
Kimberly Rodriguez,30,6962 Hammond Park,West Amandaville,Rhode Island,98636,119.606076,73.5202685
Brian Jackson,25,306 Richardson Underpass Suite 053,Sherrimouth,New York,12617,124.560101,64.457492
Billy Matthews,41,4195 Adams Parkways Apt. 247,Harrisshire,Utah,24952,131.167166,-8.3609725
Debbie Chaney,63,0165 Shari Knoll,East Heather,South Dakota,24459,-107.914320,-67.105895
Kristen Griffin,18,02558 Jerry Track Apt. 046,Stephaniefurt,South Dakota,53242,154.035243,-15.2610325
Russell Ford,57,918 Hernandez Highway,Lake Manuel,Louisiana,82100,19.288922,-55.4695305
Susan Durham,73,399 Michael Isle Apt. 835,Lynnfort,South Dakota,90722,-32.011539,-17.921022
Christopher Webb,69,89026 Hood Plain,New Cassidy,New Jersey,96762,-120.662755,82.290384
Jeremy Mendoza,75,1148 Carter Orchard,East Jeremyport,Oregon,34533,157.233690,-88.2389345
Anthony Lewis,24,843 Hodges Crescent Suite 425,Port Brendaville,Vermont,51938,-173.333014,-5.463972
Elizabeth Wilson,30,723 Lane Club Apt. 374,East Gregoryhaven,Nebraska,74259,42.723740,-63.457869
Danny Hunt,70,906 Jillian Plaza Suite 575,Danielbury,New York,47892,109.993230,-77.880258
Jerome Watson,47,6262 Laura Port,Lake Bethbury,Nebraska,37735,-150.718867,35.5293375
Ralph Graham DVM,53,16832 Mclaughlin Ridges Apt. 727,Lake Jimmy,Texas,27793,79.896892,-55.4825195
James Ortiz,67,4551 Tara Crest,West Richard,Georgia,55642,23.359533,3.153060
John Brown,21,5606 Antonio Camp,Port Michelechester,New York,08295,160.498753,84.1145155
Julie Jackson,55,72542 Barton Spurs,Davidstad,Wyoming,20215,116.116716,-80.1131305
Kyle Rubio,40,478 Shannon Lakes Suite 258,Thomasfort,Utah,72329,96.043179,-59.9464495
Christine Martin,59,42545 Tara Rest,Biancafort,Montana,18278,100.821863,61.555043
Patrick Henderson,42,35174 Day Underpass,Brianland,Maryland,83373,-80.216730,-18.767428
Thomas Baker,41,587 Jessica Summit,Robertsburgh,South Carolina,59374,-119.656609,39.0379455
Christina Nunez,25,366 Fox Field,Karinaton,Missouri,32629,93.088480,-76.031700
Michelle Murphy,46,77258 Ronald Shoal,Lake Virginia,Michigan,72085,51.343417,-85.081835
Ronald Cole,31,23455 Kimberly Street Apt. 214,Port Charleshaven,Utah,79122,-47.192410,-61.3508605
Robert Figueroa,77,55313 James Courts,Courtneyfort,New York,36357,-23.586573,-89.431097
Toni Hunter,52,84291 Kennedy Glen Suite 701,Adamshaven,South Dakota,96809,101.835324,-72.047570
Jack Oconnor,45,913 Nathan Club,Dorothyport,California,46280,122.600596,42.887821
Emma Browning,79,1746 Stephen Loaf Apt. 053,New Matthewhaven,West Virginia,84944,-107.644195,-89.6470035
Jocelyn Singh,38,581 Murray Glen Apt. 649,Lutzborough,New Jersey,80926,10.298491,-82.490746
Stacie Turner,68,016 Carter Field,East Lisashire,Maine,23153,130.613328,8.4544415
Brandon Gallagher,35,0436 Odom Hill,New Geoffrey,North Dakota,49990,0.884752,-76.021410
Joseph Hoffman,70,7268 Danielle Stream,Greenport,Kansas,54157,-63.931385,77.6406285
Christopher Williams,38,26838 Stein Course Suite 363,East Kimberlyfort,Kentucky,03898,46.300674,-88.7989435
Ashley Bell,37,37623 Bailey Trafficway,Nicolastown,North Carolina,68138,119.301778,-43.389230
Alexander Baxter,53,0609 Bailey Tunnel Suite 913,North Justin,Missouri,95321,38.125311,-12.3962785
Eric Hill,39,152 Sarah Ford,Port Dawn,Maryland,04272,-145.599561,-19.8059025
Brett Martin,62,10955 Debra Crossing Suite 921,West Debbie,Missouri,29633,151.530004,-72.2147825
Troy Juarez,69,477 James Drives Apt. 011,Diamondport,Washington,90858,23.849228,-37.266104
Jeremiah Shepherd,50,5182 Jimenez Circles,Jasonfurt,West Virginia,12409,132.751962,-61.957893
Paul Moore,48,155 Moore Extension Apt. 252,Port Dakotaberg,Alabama,35184,-115.230433,-52.933551
Leon Friedman,28,79102 Morales Parkway,Mitchellview,Ohio,66902,-114.768346,32.117088
Jonathan Lee,64,11064 Michael Village,Woodfort,Idaho,62361,-5.958501,-16.9413535
Erika Pineda,48,14200 Freeman Vista Apt. 203,Jessicachester,South Carolina,93728,51.288082,-70.036218
Joshua Larson,64,727 Howard Center,South Bradtown,Kansas,83070,35.263198,-19.5956645
Gabrielle Benton,30,678 Christopher Underpass Suite 587,New Natasha,Connecticut,53627,16.345496,54.9078145
Joel Webster,68,8220 Hughes Burgs,Morrisshire,Colorado,11982,-24.815792,59.7457855
Mason Archer,57,6177 Wendy Locks,Martinezmouth,Georgia,37123,102.439337,67.836149
Nicole Townsend,43,5517 Frank Throughway,Jonathanberg,Nevada,33604,-175.615549,-76.2077025
Mary Bush,70,70939 Benitez Lodge Apt. 507,New Daltonland,South Carolina,30225,2.068843,-58.755290
Dr. Catherine Moreno,69,98240 Armstrong Road Apt. 063,Lake Ronald,Kentucky,57366,-152.496685,-15.8021335
Lauren Arnold,51,4901 Diana Islands,Amybury,Montana,02109,-138.497090,35.7431125
Melanie Butler,79,84140 Blair Trace Suite 995,East Sarah,Kentucky,16216,70.173985,83.417740
Jessica Hawkins,63,92171 Smith Courts Suite 316,North Christy,New Hampshire,24431,-153.429391,-50.496551
Leah Bradley,26,32005 Jessica Ports,West Heatherborough,Idaho,47329,110.669989,-9.846375
Amanda Robinson,73,11012 Mayo Expressway Apt. 835,Cynthiaview,Nebraska,01175,90.418460,-47.502893
Jenna Davis,35,41813 Jonathan Circle Apt. 221,South Jessicaside,South Dakota,48455,80.175414,-60.052512
Emily Zhang,18,799 Williams Ridge Suite 646,New Nataliemouth,Connecticut,48358,-158.693953,50.552982
Travis Ortega,54,89951 Stacey Terrace Suite 633,North Andrew,Florida,55046,4.560685,53.0279695
Michael Ortiz,44,430 Walter Ridges Apt. 857,Barnesport,Louisiana,04685,-161.862721,67.622429
Tabitha Paul,73,907 Nolan Bridge,South Robert,Connecticut,27253,83.583021,-7.8145195
Crystal Hardy,25,32207 John Lock,South Stephenfurt,Wyoming,09651,-7.835380,73.273463
Amanda Harrison,33,8077 Bullock Mountain,East Mike,Washington,06294,-97.228403,-41.8305335
Diana Liu,61,575 Kimberly Well Apt. 977,West Matthewstad,New Jersey,68187,-58.675529,-38.4238575
Jennifer Velasquez,28,1999 Smith Harbor Apt. 516,Robertside,Washington,36253,-14.095551,65.2610465
Todd Adams,70,7698 Jonathan Hills Suite 649,South Jaymouth,Massachusetts,45896,139.835521,58.177908
Joe Mendoza,37,05738 Parker Path Suite 436,East Ashley,California,64555,145.849853,-88.1358105
Whitney Douglas,67,99655 Brenda Stream,South Lisa,Michigan,19268,-110.172819,18.4212285
Tammy Morris,79,973 Curry Road,Johnmouth,Illinois,50531,-58.649912,4.582537
Nicholas Beasley DDS,46,8197 Joshua Street Suite 153,South Roger,Connecticut,46813,2.564393,-2.9901965
Eileen Doyle,70,205 James Skyway,West Jessica,Nevada,42125,-119.532062,45.2769525
Thomas Pineda,61,306 Morris Avenue Suite 882,Lake Elizabethport,Florida,44959,-178.677733,66.279561
Sharon Flowers,49,432 Nicole Cape Apt. 837,Brownhaven,Arkansas,47110,-12.452001,5.8736965
Dean Carney,67,267 Seth Gardens Suite 959,North Lacey,Colorado,74328,43.724400,-21.0475975
Christopher Ortiz,61,65415 Brown Falls,East Suzanne,Nebraska,33903,-105.572304,-36.727294
Wesley Lopez,68,4645 Green Meadow Suite 172,Simston,Arkansas,86167,-42.135008,8.4494855
Jessica Bullock,33,950 Taylor Isle,Lake Denise,South Carolina,52503,145.982784,-81.5134165
Nicholas Hancock,59,931 Gonzales Underpass,East Samantha,Maryland,35768,-41.452384,10.193866
Connie Long,45,331 Kim Club,South Shannon,Utah,25954,176.941709,-2.1203365
James Baker,64,26386 Williams Ranch Suite 448,North Anthony,Texas,26967,63.395665,60.8389205
Brittany Johnson,56,52409 Moyer Motorway,Ashleyfurt,Arizona,46990,101.913613,-36.6809235
Derek Johnson,19,81401 Brooke Crest,New Danielfurt,Vermont,78109,-146.455482,-12.5016615
Monica Lindsey,66,400 Vasquez Brooks,Changton,Mississippi,14893,-10.771523,-40.6800025
Alexander Perez,20,1918 Collier Gateway Suite 633,East Kylemouth,Kentucky,32865,77.904277,-44.949823
Kiara Stewart,39,97275 Dunn Islands,Nguyenbury,Missouri,07201,9.739671,-1.342723
Bradley Ellis,23,4287 Shaw Ferry,New Jamietown,Wyoming,29629,174.980827,26.7609215
Emily Humphrey,74,93690 James Springs,West Mark,Alaska,80712,20.160786,-2.0912405
Brandi Nixon,64,4420 Laura Keys,Robertland,Michigan,30172,140.526550,-77.775013
Elizabeth Carroll,51,0952 Willie Trafficway Apt. 390,North Rebekahborough,Hawaii,61532,-71.742223,-34.781597
Timothy Harrison,71,49233 Johnson Alley,Port Catherinemouth,New Mexico,40779,-92.223269,59.8901465
Keith Cline,51,293 Landry Fields,Gonzalezport,Hawaii,27349,60.661278,-51.403410
Craig George,66,5977 Tara Place Apt. 564,Lake Kenneth,Wyoming,13934,-55.247962,-5.155772
Jacob Flores,51,340 Mackenzie Summit Apt. 148,Franklinfurt,Pennsylvania,04403,41.445424,50.721422
Connie Hawkins,79,56494 Jon Freeway,Ronaldton,Oklahoma,91603,-168.176060,68.333784
Jill Rogers,58,1996 Timothy Squares Apt. 147,North Summerburgh,Maine,15506,145.623817,-12.1089555
Eric Gutierrez,72,7742 Danielle Mountains,North Bobby,Florida,27527,74.965475,-56.2492535
Diana Warren,76,2438 Cynthia Motorway,Jessicaville,Michigan,36503,171.241983,17.468349
Amy Glass,25,82284 Page Island,East Micheleview,Wyoming,84236,-161.927340,-35.159942
Kevin Herrera,62,3514 Latoya Fort Suite 911,South Tony,Indiana,81625,147.959925,18.9972325
Robert Ferguson,26,50397 Kelly Mount Apt. 400,West Brittney,New Hampshire,87633,3.790275,-5.772855
Deborah Cervantes,20,68745 Glenn Drives,East Mariachester,Delaware,54071,117.384822,-39.0616285
Jenny Powers DDS,48,31660 Margaret Lodge Apt. 750,Mariaberg,South Dakota,61411,-111.168626,54.814115
Theresa Austin,58,6228 Gardner Port Apt. 986,New Rodneyland,Rhode Island,84092,157.919603,59.316095
Janet Keller,46,731 Katrina Glen,Madelinestad,Alabama,99115,-162.883507,54.430723
Brandon Brown,49,580 Matthew Via Suite 363,Port Wandatown,Wyoming,51774,101.386818,69.8619765
Luis Douglas,35,41724 Morales Grove,New Beth,Maine,68963,36.279436,-34.2217595
Mrs. April Logan,24,2297 Perkins Pine Apt. 558,Lake Charles,Kansas,36039,-162.149653,79.213817
Ana Avila,71,5272 Chang Spring,West Dennisland,Vermont,13645,88.895122,48.482896
Leslie Moran,53,099 Ramos Ferry Suite 397,Garyfort,Montana,64541,151.110146,4.193755
April Shaw,80,44619 Mark Mall,Vincentberg,Maine,81461,47.904024,-86.234521
Jeremy Fowler,57,6053 James Via Apt. 198,North Rogerview,West Virginia,89244,-88.827951,-69.423131
Dean Arnold,74,5166 Jessica Bridge Suite 485,Lauramouth,Arizona,27343,110.722258,-74.091459
Jose Kim,19,257 Powell Harbors,Lake Zacharyhaven,South Dakota,17922,-99.276279,33.7743435
George Davis,19,9063 Evan Locks,Millershire,Tennessee,13494,-120.080398,88.323572
Thomas Flynn,78,8544 Brittney Harbor,West Brianview,Arizona,24060,-123.999248,-55.931004
Sue Mitchell,19,253 Adams Park,New Samuel,Nevada,18683,78.501207,-47.307977
Andrew Andersen,76,30607 Sharp Knoll Suite 097,Martinmouth,Wisconsin,87303,-61.873476,29.8371795
Morgan Bennett,69,47505 Strickland Junctions,Brendaport,Alaska,88909,164.749812,42.577231
Jeff Sutton,40,1747 Hayes Curve Apt. 799,South Angelicaview,Florida,51207,74.388577,-57.4612955
Jennifer Roberts,77,3333 Erika Hills Apt. 152,Sarahland,Maine,01314,51.741133,-6.8927215
Robyn Jones,58,4399 Murphy Point,Lake Robert,Pennsylvania,55276,-175.982925,-12.2869565
Stephanie Rodriguez,44,672 Farmer Fort Apt. 707,New Walter,Nevada,92056,65.820400,-60.759019
Tracy Cruz,52,778 Brown Mount Suite 218,Jessicafurt,Vermont,62663,18.914233,42.260863
Roberto Turner,37,68076 Green Freeway Suite 730,Brownview,South Dakota,90178,140.412393,42.923674
Sharon Chavez,40,363 Werner Meadows,Linberg,Colorado,29048,74.817068,82.118984
Judith Gomez,56,2389 Rose River Suite 035,Port Cameronview,South Dakota,69942,-43.512776,-28.712390
Adrian Sanders,52,110 Singleton Extension,West Courtneyland,New Mexico,33422,102.742894,-42.1113175
Courtney Clark,78,279 Johnson Station Apt. 261,Harrismouth,Texas,20807,74.949939,-11.450588
Michael Parker,27,588 Rivera Port,Smithfort,Arizona,77030,39.669507,24.699169
Maria Brown,55,7707 Fields Alley Apt. 830,Carolynmouth,North Carolina,60405,76.050565,-71.417946
Joseph Benitez,79,184 Veronica Knolls,West Sharon,Maryland,16650,-30.190053,38.0159425
Tiffany Scott,53,080 Guerra Lake,Mollymouth,Ohio,75352,48.864220,-13.003475
Terri Garcia,31,63072 Newton Plain,North Robintown,New Mexico,78538,25.492878,-65.693154
Ashley Schwartz,24,6540 Humphrey Extension Apt. 769,East Joshua,Montana,34560,-94.154401,-21.926551
Wendy Gomez,25,460 Villanueva Prairie Suite 313,West Devinview,Ohio,90854,-58.392192,39.6069485
Philip Jackson,74,4721 Moore Valleys,Wiseland,Illinois,94460,12.190931,-51.341753
Richard Lam,53,9079 Smith Rest Apt. 027,South Erinchester,Massachusetts,18937,141.656429,18.576242
Jennifer Bishop,72,2866 Cynthia Manors,Hahnhaven,Vermont,10827,43.878901,-45.3868275
Malik Jackson MD,63,1289 Jimenez Prairie,North Andrew,North Dakota,42289,-81.502986,-70.485439
Julia Jackson,19,62783 Wallace Fields Suite 097,New Danny,Wyoming,54140,69.074185,43.6073815
Jennifer Leach,69,74099 Anderson Terrace,Catherinemouth,Illinois,45862,46.185116,62.612538
Roy Barrett,76,445 David Row Suite 972,Jonathonborough,New Jersey,13349,98.061579,-41.1539735
Barbara Hall,73,40599 Mann Causeway,East Christopher,Nevada,15245,-82.579686,-8.406058
Melissa Smith,79,59631 Cynthia Mountains Suite 290,Port Michael,Michigan,08241,-106.239730,15.8416045
Cassidy Patterson,62,809 Hamilton Village Apt. 512,Lake Laura,Iowa,45289,26.057120,1.221739
Gary Smith,65,4841 Brandon Rue Apt. 421,New Johnburgh,Maryland,69604,127.117192,-0.765595
Tiffany Savage,20,040 Dickerson Estate Apt. 339,New Terrenceton,Wisconsin,43919,-175.253491,33.128913
Larry Lane,80,05692 Allen Pine,Lake Mark,Georgia,81372,69.725054,25.7655225
Casey Miller,19,93985 Rebecca Isle,Pearsonmouth,Kentucky,55300,-169.400120,-74.870233
Pedro Berg,20,61971 Susan Skyway Suite 412,North Dennisland,New Mexico,18815,48.033250,34.379067
Michael Hayes,19,661 Fitzgerald Parkway,Gordonhaven,Louisiana,92602,-157.692380,-54.4940655
Tammie Johnson,54,55033 Kaufman Locks Apt. 911,North Gregory,Tennessee,38132,89.210653,19.009923
Eric Hays,68,199 Kane Expressway,Powelltown,Oregon,09828,85.455480,54.018479
Heather Cooper,33,35420 Ronald Isle Apt. 106,Thompsonstad,Indiana,91101,7.139080,63.9617375
Elizabeth Velasquez,33,862 Yang Shoals,East Stephen,New York,23828,5.375025,71.633743
Katie Tyler,73,264 Connie Islands Apt. 879,North Davidbury,Minnesota,56496,-39.791636,-34.6398405
Deborah Parsons,29,13027 Hunt Mall Suite 313,West Andrewberg,Arizona,32054,75.570846,81.3907875
James Hernandez,68,14963 Linda Cove Suite 766,Annaview,Maine,15675,98.600000,34.4925575
Jennifer Chambers,59,1029 Christine Via Apt. 626,West Kimberly,Georgia,92489,50.277439,57.185447
Eileen Meyer,50,505 Jason Club Apt. 823,Margaretland,New Jersey,96476,118.563241,66.8964695
Shannon Wilson,64,742 Jonathan Ford,Hansonberg,Ohio,51789,-10.379674,-8.3948305
David Jones,73,8079 Victor Row Apt. 327,Port Joshuaville,New York,43818,171.660548,-14.0330685
Lisa Stephens,19,47268 Butler Gateway Apt. 578,Port Kenneth,Colorado,99895,-122.786927,-48.915790
Rachel Brown,54,6126 Smith River,Barbaraborough,Louisiana,41587,98.476697,-8.968494
Leslie Allen,18,00656 Julie Garden,East Tracey,Missouri,75661,-37.792074,-31.087984
Jonathan Foster,18,71488 Chambers Ferry Apt. 494,East Tristan,Arizona,51009,56.212867,32.065840
Daniel Flores,53,1782 Howell Tunnel Apt. 826,East Shawn,New York,90983,103.186790,36.0908785
Elizabeth Baker,47,4629 Brown Harbor Suite 964,New Vincentburgh,Nevada,14072,-34.372352,80.884561
Allen Jarvis,18,03388 Baker Trail,Timothytown,Nebraska,44599,93.692602,31.2924185
Nicole Sanford,25,291 Mary View Suite 962,Callahanhaven,West Virginia,66285,72.702861,57.010241
Elizabeth Garcia,25,95208 Paul Via,West Joseph,Alabama,57885,-141.988912,35.422001
Anthony Nolan,18,46463 Joseph Mall Apt. 284,Stephenmouth,Montana,09549,45.546398,8.382070
Maurice Jordan,40,8849 Mills Fort Suite 064,Duncanfurt,Alaska,67469,61.416781,-80.161896
Lisa Schmidt,31,93195 Smith Underpass Suite 847,Port Chrishaven,Arkansas,53214,-141.471260,-51.1716525
Morgan George,22,820 Galvan Extensions,Kirbymouth,Oregon,19600,87.842898,-16.264950
Belinda Brown,25,277 Stacy Divide,West Aarontown,New Hampshire,59685,-12.339085,67.4478055
Heather Parker,28,00147 Tracy Pines Suite 971,North Timothy,Pennsylvania,30846,45.938015,-63.6815715
Shane Owen,41,02081 Matthew Glen Suite 683,New Keithville,Vermont,69173,2.994220,54.8507385
Anthony Johnson,35,53673 Mendez Shoals,Christophermouth,Washington,05755,154.739553,-82.9912385
Anita Wilson,57,6361 Rogers Centers,Ibarrahaven,Missouri,90949,176.135739,-16.280410
Natalie Morgan,72,17622 Nathan Parks,Joseport,Georgia,05272,-107.678920,-45.2797335
Billy Dunn,76,23492 Andrea Squares Suite 807,South Elizabeth,South Carolina,95698,103.714861,85.980394
Miguel Ward,53,81080 Palmer Neck,Armstronghaven,New Hampshire,74221,48.862123,-52.922047
Michael Moran,42,554 Jennifer Key,New Kevin,Mississippi,75720,147.646501,-7.1132155
Jennifer Huff,18,002 Ray Cape Suite 076,West Jasonport,Alabama,30646,-68.171828,-20.186938
Christina Thomas,28,9624 Willis Plaza Suite 913,Austinside,Iowa,57905,-2.139761,69.037889
James James,72,63459 Kramer Forge,Port Jacob,Montana,87722,-89.321965,-74.4413415
Hunter Soto,21,223 Gary Green,Pearsonhaven,Idaho,74722,127.151642,-44.9829065
Brandy Perez,47,445 Bernard Creek Apt. 063,Diazberg,Virginia,20003,4.731278,-32.222708
Janet Lee,43,138 Dixon Heights Apt. 399,Walkerton,Rhode Island,12688,-51.487581,59.954608
Brenda Cook,69,3952 Lindsey Port,East Heather,Missouri,85720,-114.784016,88.765174
Rebecca Diaz,67,4194 John Club Apt. 363,West Robertberg,Delaware,52295,-108.780329,87.8177785
Casey Reid,63,2855 Alexis Fort Apt. 257,Lake Desiree,Indiana,06361,5.080772,-31.288767
Cathy Baldwin,54,79249 Chang Summit,Jennifertown,Nevada,39965,-156.724733,-55.808537
Amy Krause,72,5967 Aguilar Island,Heathermouth,Alabama,67693,135.959009,75.9214915
Michael Stuart,46,421 Alex Throughway Apt. 938,West Lauren,Kansas,61237,145.170657,88.2237605
Amanda Herrera,43,27891 Beth Court Apt. 135,West Cindybury,Alaska,19244,-133.164778,77.5548485
Christopher May,29,095 Amanda Causeway Apt. 336,Scottport,Montana,29583,-81.046711,66.4327985
Penny Green,33,202 Gary Tunnel,North April,Pennsylvania,96256,166.083629,0.842351
Matthew Cannon,56,36688 Ashley Spur Suite 326,Jasmineton,Maine,83934,6.755766,-8.6015605
Rebecca Garrett,42,33607 David Isle Apt. 191,South Nicholas,Maine,66546,46.224718,-63.259613
Jacob Velez,20,810 Joshua Keys,East Yeseniamouth,New York,53151,111.684554,-49.6367375
Olivia Brown,22,6393 Brown Ridges Suite 250,Haleview,Arizona,09652,-12.335240,12.0506035
Courtney Wagner,69,0368 Dakota Mount,Port Davidmouth,Montana,99193,-58.084962,-88.6657455
Steven Gonzalez,71,833 Howard Coves,Starkstad,Nebraska,34836,5.977542,66.725823
Amanda Willis,30,504 Matthew Corner Suite 351,West Johnberg,Rhode Island,17436,-122.931064,-72.110493
Amy Martinez,79,72139 Mccall Court Suite 349,Gonzaleztown,Nebraska,39516,171.890927,-75.440900
Heidi Barrett,48,92636 Medina Greens,Rileychester,Michigan,12886,129.752464,-82.930306
Travis Anderson,41,6861 Wilson Ranch Suite 087,Kevinville,Louisiana,41046,165.068420,66.425125
Matthew Wright,33,5640 Ashley Port,West Patricia,Ohio,81775,-14.194810,66.6913585
Michael Brown,76,77060 David Junctions,Port Richard,Connecticut,01547,-78.763405,60.0895075
Cathy Pierce,74,297 Ward Crescent Suite 393,Wilsonstad,New York,39949,-171.423487,-12.300357
Ashley Medina,74,74816 Joseph Trail,East Clarencetown,Utah,08503,-25.422417,4.378578
Melissa Howard,43,3256 Livingston Glens Apt. 945,Whitechester,North Dakota,51719,-32.936596,-15.254172
Christopher Murphy,41,37964 Timothy Drive Apt. 578,Port Adrian,Iowa,00555,-25.249804,-59.4079125
Kristen King,42,3932 Sonya Vista,New Cynthiaberg,Georgia,04708,171.284022,-60.9042245
Catherine Wright,57,366 Young Locks Suite 654,West Anthony,Arizona,95966,131.719322,-53.9536965
Tanya Gonzales,27,7676 Jonathan Crossing,North Laurenberg,New Hampshire,60563,36.533002,89.993282
Richard Brady,46,516 Strickland Crescent Suite 410,New Derekview,Massachusetts,24745,176.301466,-83.655236
Stacey Johnson,30,43339 Rebecca Tunnel Suite 223,Deanfort,Wyoming,48368,59.539055,-53.6917075
Debra Sullivan,52,881 David Meadow Apt. 141,East Williammouth,Michigan,81354,-129.792827,-75.8830715
Tyler Bowen,40,81548 Diane Trail,New Brendastad,Illinois,46672,41.221127,68.0930195
Derek Miller,59,03692 Michael Roads,Davidburgh,South Carolina,30573,38.103871,-38.4903755
Billy Delgado,49,674 Steven Points,Michaelberg,Kansas,70671,-0.523916,88.458381
Briana Turner,51,865 Kyle Drives Suite 493,West Matthew,Alaska,84113,-49.357199,66.8490095
Douglas Armstrong,26,38342 Hebert Cove Apt. 920,Andersonstad,Virginia,86000,-9.296489,-65.2019085
Daniel Wright,42,692 Zimmerman Junctions,Jessicastad,New Mexico,99646,-146.479431,33.4942815
Bill Walters,39,0591 Atkinson Track Suite 337,Port Anthonyside,Hawaii,67032,32.187692,23.832362
Brian Reynolds,47,87528 Clark Union,Smithton,Kentucky,27551,-40.663941,55.321991
Jennifer Austin,42,7455 Myers Underpass,Smithburgh,Nevada,03220,73.487885,40.057344
Richard Williams,18,9575 Lopez Knoll Suite 070,Carlosstad,Montana,61743,-94.367538,15.7312955
Lisa Mendez,70,9600 Washington Cliff Apt. 613,Nancyville,Idaho,10245,172.147230,-74.803649
Justin Mcdonald,29,415 Davis Road Apt. 760,Jenniferborough,Wyoming,40506,-91.693457,52.307491
William Smith,19,66893 Hale Place,Angelaton,Pennsylvania,11399,59.991601,-55.016484
Paul Duncan,54,66767 Martin Lodge,Lake Penny,Wisconsin,71172,143.098410,-54.856720
Jeffrey Delgado,45,80813 Sheila Ranch Suite 086,Lake Shellyfurt,Colorado,44360,-146.719109,58.041883
Holly Ramirez,21,455 Smith Cape,West Amanda,Alabama,13616,-101.000738,32.281254
Stephanie Osborn,68,48246 Sandra Valleys Apt. 303,Aguilarfurt,New Hampshire,44268,159.809698,-54.3178135
Evelyn Escobar DDS,38,05765 Bell Vista,Olsenport,Florida,34557,-158.623070,4.8597665
Joshua Tucker,60,95703 Scott Meadow,Port Todd,New Jersey,56300,72.261548,69.4618385
Mark Taylor,66,8929 Ryan Station Apt. 513,North Melissa,Louisiana,88446,-72.633637,68.580166
Denise Mcgee,75,843 Michael Brook,South Randy,Arizona,05739,176.697716,16.0565875
Dr. Lisa Davis,76,3052 Steven Lane Apt. 263,Campbellbury,Minnesota,11081,134.142440,5.7644405
Tony Payne,20,091 Cross Mountains Suite 590,Richardsonfort,Louisiana,63419,-7.040308,-21.228065
Alexis Moore,40,213 Sanders Causeway,South Cynthiafort,Delaware,12049,60.389911,70.677752
Jimmy Howell,22,3421 Mark Island,Joanfurt,Vermont,30484,-134.145606,-2.177072
Robert Merritt,54,30057 Steven Locks Apt. 363,Clarkeburgh,South Dakota,24861,-147.521824,-59.6005795
Michelle Zimmerman,54,42820 Richard Field Suite 359,Baileystad,Arizona,90239,73.053028,-84.461759
Eric Pineda,71,1226 Stevens Valleys Apt. 935,New Becky,Massachusetts,53601,-0.067424,52.8479405
Samuel Cantu,49,5543 Paul Road,Jayberg,South Dakota,35500,-111.603084,-67.8768235
Crystal Ross,72,2733 Michael Islands,West Deborahbury,Colorado,91126,-33.208845,82.2073115
Kim Hernandez,80,147 Yates Parkway Apt. 293,South Eric,Florida,06041,146.681929,-14.6052875
Douglas Murray,19,508 Todd Mountains Apt. 482,Sarahshire,Iowa,81392,-79.724436,-0.644805
Matthew Mitchell,43,63094 Callahan Highway Suite 292,Smithfurt,Montana,02200,-115.723280,19.5800275
Michael Lewis,34,0602 John Circles,West Jamesbury,Iowa,52652,-143.200111,17.240607
Lori Collins,42,8960 Hopkins Vista Apt. 739,Jonchester,Florida,33251,-0.257018,-87.935830
Angela Alexander,39,7305 Alexander Lakes Suite 955,Colehaven,Arizona,40783,50.313748,63.562019
James Bennett,40,337 Carlos Cliffs,Chadfort,Idaho,65744,-41.163723,15.0768355
Shawn Weeks MD,65,14338 Perez Loaf Suite 730,New Mark,Rhode Island,83431,91.914959,-3.3825285
Crystal Pena,25,06605 Padilla Rest,Collinsfurt,Missouri,61254,66.020012,52.4197735
Ronnie Scott,76,832 Beth Road,Davidland,Oregon,44175,-98.317477,-12.5343155
Jacob Hernandez,51,85069 Ryan Via,Port Matthew,Utah,03990,-164.520632,-46.479170
Brenda Flynn,58,133 Dixon Club Suite 209,Justinland,Georgia,87173,100.071720,-75.6951335
Paige Craig,60,4700 Mullins Crossroad,New Erinhaven,Michigan,72709,-97.477005,-3.9543985
Cheryl Anderson,62,62105 Shannon Skyway Suite 600,New Ianfurt,Utah,23556,152.148900,-53.8274625
Angela Harris,36,3694 Robert Islands Apt. 263,New Melissatown,Arkansas,55133,-17.026214,22.9232055
Sylvia Ward,80,66711 Acosta Crossing,East Aaron,Georgia,03327,98.316720,-79.6035225
Joseph Baker,69,84281 George Run Suite 457,Richardsfort,Iowa,42016,59.036116,-37.977053
Rachel Wong,61,777 Lane Forges Apt. 654,Lake Douglas,Rhode Island,14784,86.536120,8.8966335
Amber Brown,63,961 William River Suite 215,Schwartztown,Florida,69959,-70.831210,66.843284
Jamie Edwards,63,41211 Joy Junctions,Jamiemouth,North Dakota,97176,75.554277,58.1063395
Sierra Riley,65,51635 Wise Stream,North Kayla,Wisconsin,08593,-175.487274,30.3997685
Karen Lyons,77,10866 Jessica Cliff,Nelsonside,Minnesota,18398,37.802960,70.707228
Johnathan Nelson,49,89254 Taylor Parks Apt. 334,North Christina,Nebraska,59426,-155.829530,89.7021195
Evan Anderson,44,9135 Powell Well,Walterborough,New Hampshire,12339,131.481296,36.770742
Courtney Simmons,61,64499 Smith Ways,Lake Hannahshire,Arizona,44519,-52.939709,8.6947545
Jennifer Stewart,73,42615 Richardson Wall Apt. 002,Lake Markville,North Dakota,57478,-41.825730,17.450705
Adam Schmidt,46,675 Nguyen Knoll,Craigtown,Utah,18835,-19.517858,-14.207595
David Patel,66,959 Bonilla Squares,Nelsonchester,Utah,32967,-126.659959,-34.909195
Lori Baker,27,1410 Gonzales Square Suite 960,Johnsonburgh,Michigan,76383,-37.743106,16.355041
Brandi Nguyen MD,50,977 Douglas Fall Suite 673,Patriciaside,Vermont,47185,-97.440455,24.4203145
Steven Edwards,72,1336 Paul Shoals,Grahamhaven,Missouri,61439,-112.417480,15.786734
Grant Rice,51,82847 Thompson Harbors Suite 526,Johnsonfort,Alaska,24586,95.739082,-87.7404865
Johnathan Turner,42,149 Troy Street,South Markchester,Wisconsin,20266,152.841263,4.562740
Stephanie Cook,80,886 Kelly Village,Valenzuelaview,Oklahoma,84964,-108.537793,68.594971
Debra Hampton,61,49234 Katherine Fords,Aaronville,Pennsylvania,57029,-91.794220,-74.078886
Brittany Alvarez,73,26689 Greene Station Suite 337,South Cindyberg,Texas,89093,-30.863993,89.209317
Ashley Murray,19,8410 Meadows Keys Apt. 020,Patriciaton,Maryland,23993,112.106169,50.9224755
Jeremy Brown,55,139 Edwards Street Apt. 674,Lake Sherry,New Jersey,10397,-59.851169,-9.543928
Stephanie Mcknight,50,80884 Ford Wells Apt. 558,Kimberlyborough,New Mexico,71923,91.098444,21.000320
Robert Acosta,49,607 Mallory Harbor,Lake Jason,North Carolina,41486,-95.796642,-53.430274
Ronald Nelson,33,2034 Lara Pine,Torreston,Nevada,50548,64.222117,28.9020285
Robin Levy,21,829 Dale Extension Suite 292,East Patty,Ohio,03444,-98.357968,42.687992
Sherry Carter,63,60734 Wilson Mall,Williamsport,Kentucky,79856,-79.287444,31.4142455
Ryan Richards,28,691 Elizabeth Shores,Lake Rebeccaport,Oregon,81576,-71.758066,-53.365671
Deanna Webb,24,183 Kimberly Lane,South Michael,Idaho,16518,169.374794,78.9963025
Kim Stanley,64,3443 William Square Apt. 435,Brianland,North Carolina,19151,-27.348106,-75.201070
David Cruz,56,7072 Goodman Fork,Michaelaport,California,22664,103.183127,73.7747335
Michael Jones,37,9618 Jack View Suite 105,Stevenmouth,Alabama,08598,-144.530920,40.6618485
Brian Anderson,65,5088 Kennedy View Apt. 401,Coxburgh,North Carolina,08279,-115.777792,-3.754916
Katherine Scott MD,39,0460 Harry Fall Apt. 832,Jenniferville,Tennessee,08597,-42.932395,60.885964
Kevin Hanna,32,9215 Michelle Stravenue,Allisonton,Alaska,06275,35.295031,79.921331
Michele Hanson,44,81550 Jacob Court,East Deborahmouth,Wisconsin,83908,-145.467407,-83.3297495
Michael Cummings,77,7714 William Knoll Apt. 457,Barnestown,Pennsylvania,04343,-142.776408,81.8646815
Felicia Boyd,63,8655 Beth Inlet,West Carriefort,Virginia,17633,48.579198,-81.0187175
Stacey Brooks,61,8234 William Meadows Apt. 052,Annborough,California,62957,-2.840889,88.8896955
Holly Yoder,66,0507 Andrew Trafficway Apt. 994,East Jasmineland,Alaska,35926,172.139688,-4.494106
Annette Ware,31,44383 Ross Court Apt. 328,Hintonchester,Maryland,87745,-122.380754,42.3513845
Timothy Powell MD,18,66640 Douglas Island,North Joelborough,Maryland,98311,-63.975196,-2.437901
Philip Johnson,57,791 Shelia Trace,North Crystal,California,42898,-167.876702,52.5086125
Angela Vargas,64,5424 Danielle Park,Port Cynthiachester,Virginia,27651,-155.877976,89.1506775
Robin Hudson,23,06173 Moore Greens Apt. 619,Bradleyfurt,Hawaii,42383,44.874851,-41.969936
Teresa Alvarado,67,053 Curtis Mews,Port Michael,Vermont,77338,-14.826818,-6.548118
Ryan Barry,56,900 John Circle Suite 412,New Tanya,Michigan,15053,-52.727326,-47.7980705
Donna Newton,29,90485 William Drive Suite 375,South Krista,West Virginia,70541,-170.597972,29.382266
Jacob Baker,68,269 Frank Ridges Apt. 720,Lake Dustin,Michigan,10582,39.836650,-31.4603495
Stacy Burke,55,15232 Cole Forks Suite 509,Maryland,New Jersey,24111,82.162545,18.244628
Cody Bennett,27,640 Randall Trail,Johnsonburgh,California,41335,-121.026488,-8.380400
Stephanie Rios,78,3461 Newton Prairie Suite 830,Port Stephenmouth,Delaware,10410,140.096750,74.878289
Caleb Miles,41,08463 Day Crossing Apt. 136,Adamsberg,Kansas,10684,131.132587,1.658577
Paul Long,45,8954 Matthews Isle,Rhodeston,Arkansas,52870,31.022663,-24.005228
Joseph Grant,30,2208 Tammy Vista Apt. 512,Davidborough,Kansas,41248,11.030375,87.263208
Shane Matthews,69,5665 Moon Ranch,New David,North Dakota,10284,-127.198208,49.321466
Edwin Mcdowell,55,98647 Smith Loaf,New Williamland,Alabama,53301,60.515372,84.398148
Lori Jackson,21,05262 Edward Courts Apt. 474,Port Thomasmouth,Utah,90475,-155.286770,14.2317025
Mrs. Mary Gordon,29,736 Gallegos Mount Suite 774,Benjaminborough,Rhode Island,39776,-17.312690,1.338730
Melanie Green,51,591 Taylor River,Stephentown,Maryland,37281,56.257685,4.913221
Denise Hester,50,59607 Matthew Flat,New Brian,New Jersey,51459,-68.098361,80.1905335
Jacob Spencer,41,7214 Melvin Track Suite 093,Woodton,Nebraska,21826,-139.298998,-44.736372
Troy Murphy,70,46347 Donna Pike,Kyleton,Iowa,54014,32.572118,9.8971135
Donald Patel,26,901 Karen Stream Apt. 470,Port Katherineberg,West Virginia,28910,-50.227699,-0.9717935
Brenda Lee,23,9054 Erin Points Apt. 366,Jonathanstad,New Jersey,16728,-16.313738,14.2776015
Robert Clark,57,521 Eric Light Suite 141,New Frank,Illinois,40757,-164.474591,-59.233023
Lisa Rogers,60,334 Joseph Cliffs Suite 765,Port Amanda,Utah,88370,-30.995071,-12.5491835
Laurie Ibarra,59,755 Moore Trace Suite 295,Grayport,South Dakota,03112,-179.973734,42.685503
Jackie Robinson,29,345 Villarreal Canyon Apt. 669,Fullerborough,North Dakota,58259,-136.110571,-32.6085705
Laura Moreno,58,887 Travis Crest Suite 116,West Jessica,Ohio,99909,-167.172260,27.0822465
Valerie Tran,49,52897 Dennis Island,Melissaborough,Wyoming,85211,-60.318056,-16.9029575
Keith Jones,72,789 Mccoy Alley,South Ericafort,Tennessee,05741,-162.739071,-57.992062
Aaron Harrington,57,9079 Davis Branch,Lake Keithchester,Arizona,93351,81.702749,-70.4478025
Claudia Cochran,27,8081 Trevor Lodge Apt. 226,East Traci,Arizona,40650,94.222514,-43.638473
Tammy Evans,44,5225 Emily Rapid,North Pamela,Montana,71408,84.300949,49.8206115
Shelby Jones,62,03086 Wade Mount Suite 082,Penningtonburgh,South Dakota,96839,-151.324461,-74.173761
Virginia Powell,38,800 Kenneth Coves Suite 809,Port Timothy,Utah,45344,-104.232961,-88.0639395
Douglas Berry,79,80486 Harrison Hill,Wesleyhaven,Florida,72324,-14.455942,1.051137
Susan Lee,67,029 Angela Vista Apt. 339,Lake Shannon,Idaho,98801,-132.167702,80.283666
Kara Wade,57,4375 Torres Terrace Apt. 753,North Thomas,Louisiana,64506,159.893992,-83.4290105
Wendy Edwards,65,17019 Schneider Knoll Apt. 984,Santanatown,Utah,75711,19.663473,-62.4800075
Mitchell Ponce,51,27235 Montgomery Expressway Apt. 360,Port Andrewfort,Rhode Island,48850,9.524681,-65.001542
April Rodriguez,46,5596 Lori Parkways,Turnerville,Michigan,06041,135.193835,-16.180230
Ryan Caldwell,49,839 James Way,Port Jessica,Rhode Island,83802,-169.944059,-72.9526245
Michael Finley,24,5928 Taylor Mills,East Jeremy,North Dakota,21496,61.560812,-80.9695745
Christine Hoover,61,0924 Kevin Shores,West Tyler,Minnesota,73321,-122.638799,40.0861835
Hannah Mullins,20,6844 Stanley Brook Apt. 967,North Joseph,New Hampshire,30059,4.377827,26.2051205
Melanie Anderson,66,670 Garcia Fall,East Christopherburgh,New York,99186,-179.958094,-46.805589
Angela Espinoza,45,4833 Garza Rapid,Port Ronald,Alaska,14201,35.567570,52.6959405
Ashley Leon,43,613 Jensen Road Apt. 175,New Lisa,West Virginia,71895,-112.151071,62.3219285
Ashley Brown,67,7245 Jacob Knoll Apt. 517,Tammyhaven,Montana,08429,-71.011559,-52.8511365
Emily White,62,1673 Perez Hills Apt. 605,Jenniferhaven,Maine,61514,-25.268969,-83.515353
Jacob Evans,47,899 Blake Parkways Suite 556,Port Mariestad,Idaho,80650,-14.183312,-52.5208345
Richard Rubio,30,5848 Christopher Lodge Apt. 997,Christinemouth,Virginia,29119,53.459942,4.673659
Audrey Williams,37,66825 Gonzales Crescent Suite 387,West Sabrina,Tennessee,69829,-99.937806,82.534563
Tiffany Sheppard,62,736 Joshua Villages Apt. 216,Elizabethport,Arizona,79507,89.035666,87.7454685
Mrs. Audrey Woodward,72,860 Trujillo Field,Rachelport,Texas,51330,83.098752,85.2915515
Dawn Evans,76,886 Kimberly Grove Apt. 350,Cynthiaborough,Colorado,40676,42.893211,42.1242325
Ruth Davis,48,37693 Mark Mission Apt. 986,Sonyaport,Alabama,46588,-89.378625,-65.596133
Carrie Long,34,10861 Jerry Road,Davisberg,Delaware,76858,-9.237719,49.0511245
Miguel Greer,19,9198 White Route,Marissafurt,Tennessee,57394,-11.682660,68.1908775
Patrick Oneal,38,376 Nicholas Walks,Pattybury,Florida,23902,-125.941277,-51.612165
Barry Little,28,32362 Craig Curve,Joyceborough,Pennsylvania,71270,96.342826,23.431370
Julie Smith,37,4842 Sellers Union Suite 665,Port Jessicaton,West Virginia,60668,46.819939,-1.1051315
Sara Williams,53,67563 Jackson Gateway,Rodneychester,Idaho,04563,-175.240382,-69.047510
Sarah Grant,35,5947 Martin Manors,Lake Lauren,Massachusetts,16876,-72.267606,20.788261
Joseph Reeves,27,346 Krista Branch Apt. 733,Brandtmouth,Massachusetts,82715,176.955963,67.372640
Eduardo Williams,39,481 Schneider Junctions,Simmonsburgh,Colorado,25336,19.824118,-40.8716445
Maxwell Howard,27,79898 Kevin Green,Ronaldmouth,North Dakota,27386,-37.709689,61.7530465
Randy Turner,36,35010 Katelyn Tunnel,South Michael,Georgia,91388,17.768730,-49.0740995
Jonathan Peterson,52,5114 Fisher Summit Suite 224,East Ricky,South Carolina,93941,89.579941,53.8953115
Danielle Nelson,41,3321 Little Underpass Suite 288,Donaldside,Maryland,27209,-143.210338,65.1257355
David Roach,34,359 Anthony Neck Apt. 848,Natalieshire,Rhode Island,82544,49.688966,29.6361745
Mark Gonzales,58,1679 Brown Mews,Sarafurt,Iowa,80361,74.737733,87.8050895
William Vazquez,45,2092 Brandon Circle Apt. 697,Berryview,Louisiana,72685,58.537825,74.2114805
Megan Jarvis,69,1840 Jordan Dale Apt. 206,Garzaland,Florida,25544,-96.918240,-81.896728
Scott Henry,35,376 James Corners Apt. 078,North Susan,Arkansas,39912,-9.381074,46.012516
Joseph Williams,28,0971 Jaime Wells Apt. 033,New Tammyton,Virginia,62818,53.026186,-80.769081
Gregory Chavez,22,763 Nicholas Rue Suite 150,Hernandezfurt,Alaska,12835,142.147893,58.3887915
Dr. Brian Fry,43,457 Crystal Unions,Jamesburgh,Arizona,39316,23.754067,43.523717
Lisa Mcdonald,54,065 Amanda Stravenue Suite 574,East Kimberlyfurt,Vermont,40701,78.078516,-50.525855
Michael Williams,66,3612 Morales Place,New Robert,Mississippi,96094,120.858710,76.3577005
Heidi Davis,23,078 Phillips Ways Apt. 338,Penaberg,California,51033,115.377806,42.635463
Jay Yates,24,57972 Hardy Glen Apt. 486,Meganview,New Jersey,55941,-103.901339,54.539828
Daniel Cannon,69,96540 Hernandez Stream Suite 293,Lake Ronaldland,South Carolina,52780,-125.444436,-46.2107595
Robert Pitts,69,528 Ferguson Ridges Apt. 530,New Feliciashire,Nevada,56790,-24.353423,-79.297040
Angela Jones,35,6703 Barbara Drives Apt. 336,Cherylmouth,Indiana,09177,102.603316,76.364983
Craig Brown,28,81681 Miller Lakes,South Laura,South Dakota,49165,61.116189,60.728157
Melanie Perkins,43,90327 Deborah Via Suite 296,Angelaview,Missouri,86582,51.918323,43.9004365
John Sanchez,40,00375 Tracy Lodge Apt. 026,Ashleyburgh,Texas,71016,-63.284490,46.681971
Sharon Ruiz,18,3869 Regina Dale Apt. 048,Lake Carolynbury,South Dakota,01786,-155.164912,70.5792965
David Dunn,44,268 Reeves Station,North Erinberg,Ohio,29863,35.299448,61.1626045
William Arroyo DVM,32,8789 Taylor Vista,Lake Deborah,Oklahoma,88114,-152.409306,-85.579839
Jennifer Wilson,67,52590 Koch Crossing Apt. 674,East Harry,South Dakota,49061,61.552071,40.531764
Laura Kelly,37,11562 Kim Roads,South Natalie,Virginia,04595,-58.033329,43.276624
Christy Rivera,39,79681 Meyers Key Suite 945,South Russell,Nevada,19959,-58.982123,-83.711191
Steve Wilkins,51,29362 Samuel Forks,West Deborah,Florida,76543,79.742786,-60.5069395
Suzanne Nichols,70,101 Crawford Mount,South Kimberly,Massachusetts,89696,41.831396,85.0664215
Jamie Peters,80,75025 Barker Manor Apt. 234,Port Chadtown,New Jersey,28472,140.643620,-23.7772825
Keith Peters,59,421 Paul Rapid Apt. 236,Shelbyhaven,Mississippi,29981,-105.888922,-30.4516555
Stacy Mclean,42,68846 Thompson Course,Jillville,Indiana,74552,-109.909017,-58.2085355
Craig Hamilton,67,43971 Anthony Well Suite 073,Port Joelburgh,Massachusetts,58154,42.376206,10.251364
Charles Cohen,21,00160 Hendrix Lodge,New Tracyfort,Florida,66032,-47.759872,-2.0331435
Brooke Allen,22,197 Stevens Walks,Murphymouth,Arkansas,94104,-141.349064,78.676599
Mary Charles,62,30635 Love Plains,Lake Donald,Georgia,75059,-146.744580,32.9538195
Tyler Brown,27,0467 Gregory Shoals,Lake Jessica,Tennessee,42774,25.218862,-45.7431835
Melissa Martinez,26,54471 Douglas Bridge Apt. 048,Davidmouth,Idaho,31304,-105.035082,51.3344475
Catherine Christian,73,4483 Campbell Radial Suite 557,North Tracy,North Dakota,48680,-123.390100,62.2627565
Molly Sandoval,68,96126 Cooper Plains Suite 961,Harrellburgh,Oregon,63177,-137.991579,-74.963831
Monica Reyes,36,72977 Craig Forks Apt. 949,Smithchester,Hawaii,52912,123.244877,27.115121
Carl Estrada,62,2809 Mclaughlin Summit,Millerville,Virginia,50402,-60.086432,-39.945705
Jim Johnson,55,982 Miller Trail Suite 719,Levyshire,California,98792,-25.449228,-44.6699275
Joseph Stone,78,04627 Scott Club,Lake Sarahfort,Oklahoma,92281,64.535041,-62.081154
Kristen Downs,73,9389 Jeffery Camp Suite 517,Reyesshire,Minnesota,30692,-119.352436,75.7709805
John Terry,38,84856 Rebecca River Apt. 868,Johnchester,Georgia,16546,49.358673,73.1532935
Cathy Willis,23,263 Lowe Hill,West Julie,Virginia,73028,12.248230,66.4234325
Paul Mercado,29,66109 Edwin Corner,Martinmouth,Minnesota,00573,38.831495,14.834519
Valerie Kelley,29,910 Peter Centers,North Robin,Kansas,82400,120.560024,-37.8755665
Robert Adams,29,2398 Miller Way,Barreraton,Rhode Island,04347,127.971007,-22.734108
Brittney Norton,21,643 Jennifer Center Suite 564,Aliciamouth,Wisconsin,43531,-9.915873,20.1299915
Kelly Casey,27,52935 Wayne Spring,Brendaburgh,Alabama,51265,28.228178,-67.2665445
Kathleen Wilson,23,16056 Amy Falls,Frostmouth,Arkansas,91866,13.278314,-53.6384335
Erin Carter,74,550 Morton Square,South Briana,Massachusetts,46571,-87.943119,37.938036
William Foster,76,1807 Williams Ramp,Grossburgh,Louisiana,95228,46.861079,-65.0305185
Timothy Jackson,37,94661 Patricia Stravenue Suite 746,North Tamaraburgh,Nevada,12572,157.223848,13.341414
Martin Miller,42,883 Michael Stravenue,North Angela,South Dakota,51292,70.147781,-83.224810
Holly Gonzalez,61,3710 Ana Park,Carlsonberg,Rhode Island,23058,171.237572,-52.2111215
Larry Cuevas,73,93384 Hughes Lakes,New Dominique,California,78300,-41.281978,59.6565565
Sandra Watson,32,108 Frank Trail,Wilsonfort,Kansas,61624,12.083754,73.920209
Michael Roberts,66,9705 April Vista,North Thomas,Virginia,84023,-130.684720,-50.652779
Monica Jones,40,4696 Erica Divide,Nicholasstad,Louisiana,35860,2.216843,9.553019
Daniel Cooke,73,4623 Mccullough Drive Apt. 821,Roachmouth,New Hampshire,60470,131.943379,-81.5934165
David Kennedy,27,1065 Elizabeth Isle,Ericksonport,Michigan,65747,115.067487,71.785481
Darrell Daniel,22,884 Smith Courts,South Davidbury,Arkansas,30418,-57.788197,-44.950659
Robert Brown,33,21509 Marshall Avenue,Timothytown,Illinois,11850,-162.696804,-26.399502
Melvin Delacruz,71,510 Cole Islands,Port Kaylee,Vermont,00975,100.555580,25.262350
Aaron Robinson,56,546 Jeffrey Divide,Villegasfurt,Pennsylvania,43759,12.761164,0.675592
Rebecca Stephens,56,562 Marcus Meadow,Wyattberg,Florida,28338,19.100625,45.417534
John Miller,72,856 Diane Causeway,Davisstad,Indiana,83920,-163.306696,22.1952605
Samantha Martinez,48,55103 James Extensions,Melaniebury,Iowa,51669,-168.355244,87.1699005
Brett King,69,19120 Watson Islands Suite 437,South Tylershire,West Virginia,76290,66.951168,50.150971
Chris Taylor,51,2249 Williams Junctions,Markstad,Massachusetts,02397,-104.567624,-51.540851
David Lewis,51,134 Roger Well,New Amber,Virginia,54849,-35.711603,-52.485452
Shelley Lane,34,70149 Darrell Roads Apt. 104,West Georgeburgh,Hawaii,80535,-59.942866,21.734139
Rebecca Cook,52,775 Sherry Centers,New Pamelafurt,Michigan,54742,162.288412,-72.7523885
Kevin Thompson,48,525 Lauren Highway,Nicoleburgh,Maryland,37353,-85.775094,-41.141048
Gregory Moss,28,4415 Bowen Place Suite 082,Dixonbury,New Hampshire,23159,36.209717,-48.9103035
Tanya Roberts,29,907 Kim Creek Suite 879,South Zacharyview,Illinois,82041,164.736829,-75.618112
Shelley Quinn,43,25641 Barnes Drives Suite 867,Devinfort,Oklahoma,65146,-123.027417,-43.8317165
Christopher Burns DVM,72,5733 Teresa Lock,Kingmouth,Vermont,18389,-86.169201,-42.6300645
Joshua Travis,39,7093 Dickson Groves,Lake Roberto,Florida,79481,-90.144713,-28.6022815
Mark Garcia,46,2739 Gregory Junctions,Port Amanda,Kansas,38403,76.912059,-52.304186
Miranda Bishop,25,80318 James Pines Apt. 685,Williamsburgh,Virginia,38065,-10.188401,-31.8095995
Sophia Hodge,57,074 Roth Ferry Apt. 489,Davisborough,Arkansas,41347,-138.065118,69.344464
Frank Davis,44,72587 Jones Square Apt. 096,Port Vickie,Connecticut,40590,100.325415,12.390822
Steven Bennett,71,3509 House Street,West James,Kentucky,94745,-73.674579,-86.7919985
Courtney Grant,38,1314 Vernon Ramp Suite 254,Victoriahaven,Wisconsin,51696,-166.168805,-83.466696
Diana Weber,39,23893 Valerie Inlet Suite 198,West Susan,Indiana,27424,-123.241865,14.969878
Tracy Williams,75,51655 Alicia Mill,Ericbury,Minnesota,37636,-138.905720,-26.4743135
Jose Gordon,39,8409 Allen Falls,Moralesfort,Colorado,85414,-6.389543,19.9158465
Mr. Joseph Garcia DVM,59,05540 Laurie Keys,Lake Anthonyview,Michigan,33566,-134.104562,-38.4876915
Mark Weber,28,84132 Carter Garden Apt. 137,Smithshire,Georgia,62618,165.141014,56.7611085
Lindsey Parsons,51,191 Smith Streets,East Kari,Mississippi,06372,-16.493064,56.498015
Debra Bowen,47,288 Oneill Forges Suite 572,New John,Wyoming,21547,1.974491,89.5816335
Jerry Clayton,62,9367 Sarah Union Suite 507,South Shannonview,Delaware,80864,111.177210,-84.4257735
Christopher Leach,49,129 Cody Terrace,North Benjamin,New Jersey,97138,-67.094688,12.5793095
Phillip Lee,40,141 Parsons Terrace,Brittanytown,Utah,94844,-24.650708,-64.5550385
Jason Murphy,45,175 Tammy Drives,West Curtis,Ohio,89899,-141.038636,-12.809852
George Guerra,28,9873 Estrada Common,Rachelport,Maine,72694,38.676346,62.409571
Barbara Ward,37,7864 Reynolds Causeway Suite 125,Port Lisaport,Connecticut,89820,-172.939933,15.718855
James Miles,45,127 Price Hollow,South Margaret,Missouri,82008,-55.536593,12.6384045
Virginia Crawford,46,8122 Cynthia Lights,Stevenburgh,Idaho,02249,37.456516,-76.794967
Jason Compton,68,614 Williams Brooks Apt. 655,East Michael,Indiana,09027,76.035666,-73.386338
Diane Holmes,30,2299 Acosta Common Apt. 492,Lake Erica,Texas,33204,-142.481125,83.2412155
Joseph Reed,36,1137 Jeffrey Rapids Apt. 413,East Justinborough,Louisiana,89395,-83.740898,-51.397917
Thomas Michael,28,840 Christopher Neck,Jakeborough,Wisconsin,07520,-129.028616,72.180650
Cameron Miller,53,63859 Berry Valleys,North Patriciamouth,South Dakota,70644,4.915781,46.9692095
Paige Harding,18,542 Samuel Locks,Port Katrinamouth,Washington,21182,35.959509,-79.3280905
Christopher Jones,78,2759 Kirby Lock Suite 052,North Erin,Florida,94950,-163.421034,30.417868
Mario Quinn,71,006 William Trafficway,Lisachester,Minnesota,58665,118.987044,49.8507945
Christopher Guzman,44,110 Michelle Brooks Apt. 337,Christineshire,Nevada,56869,-73.797000,9.830809
Edward Strickland,41,9051 Diane Streets,Dorseyton,Montana,29853,30.763931,16.401921
Ian Goodwin,22,98024 Kevin Shoals Suite 542,New Alexandraburgh,Michigan,28947,80.347152,-37.3067125
Jesse Bailey,21,799 Molly Hill Suite 225,Hornburgh,Alaska,70154,23.236549,23.0010525
Joshua Cooper,78,95339 Mathew Parkway Suite 554,South Scotttown,Arizona,54463,114.525672,-76.7792095
Gary Velazquez,66,48496 Jennifer Rue,South Johnathan,Arkansas,54989,90.614101,35.431706
James Hall,47,52778 Wyatt Knolls Apt. 294,Cunninghambury,Maryland,07681,-2.836932,85.883591
Ryan Davis,31,3668 Moyer Radial Suite 259,New Deborahmouth,Georgia,87323,-92.239270,-77.2880185
Karen Cooper,45,28838 Ramirez Trace Suite 558,New Donaldhaven,Indiana,03333,18.231218,-38.5666435
Tracey Davis,65,4387 Jennifer Drive,New Kylemouth,Texas,24276,-133.055850,-60.5209515
Julia Thomas,45,398 Brandon Summit,Lake David,Pennsylvania,87888,147.078592,-45.9381445
Christopher Kelley,23,162 Rebecca Loaf Suite 880,West Emilystad,Kentucky,12420,-151.765571,-68.591052
Elizabeth Mueller,57,5894 Clark Points Apt. 543,Port Joseph,Nebraska,38348,-66.158185,39.4981705
Bradley Rosario,38,395 Jason Brooks Suite 613,Michealside,Minnesota,91512,32.106900,78.663736
Joanne Becker,23,7817 Kelsey Isle,New Jasmine,Nebraska,33505,92.675954,35.551218
Michael Berg,48,2350 Vega Underpass,New Christopherville,Florida,41053,159.057002,-13.8423975
Gabriel Cruz,48,616 Shelton Land Suite 545,Kaitlinville,Wyoming,47797,149.253014,-8.599110
Valerie Brown,61,660 Ray River,Amberstad,Mississippi,29030,99.249960,9.6435985
Dustin Montes,31,317 Gentry Station Suite 765,Simpsonberg,New Mexico,31254,162.509205,0.035283
Anthony Abbott,77,343 Cook Motorway Suite 532,Robertchester,Massachusetts,34058,-87.160394,0.119435
Kenneth Martin,69,003 Wilson Canyon,West Tracey,Rhode Island,94143,-90.195743,73.8211075
Darius Barnes,26,55023 Marcus Summit,Alexandrabury,Wyoming,23821,13.971813,83.6374235
Jeremy Salas,55,5943 Robert Burg,Camposmouth,Wisconsin,25131,-7.293841,-0.911163
Heidi Mcdonald,57,51321 Jose Radial Apt. 638,Lake Wesley,Texas,76929,-10.501609,-34.0017215
Jennifer Wu,63,23550 Katherine Summit,East Aaronborough,Florida,80300,-25.129003,35.243580
Cheryl Warner,48,529 Morris Island Apt. 748,Shelleymouth,Kansas,20477,-114.908884,-14.732363
Danielle Baker,41,500 Elizabeth Extension Suite 737,Port Jason,Montana,84980,-168.969274,52.7455885
Rebecca Burton,70,09975 Erica Mountain Apt. 348,Port Nathanhaven,Michigan,30476,-78.432997,-29.541230
Matthew Jones,54,8201 Higgins Mountain Suite 051,North Scott,South Dakota,10998,-120.647165,59.478112
Robert Scott,46,10393 Lee Bypass Suite 010,Lake Sara,New Mexico,37086,107.367263,44.0892395
Patricia Tyler,78,961 Dawn Fort,Johnfurt,Mississippi,36704,109.004232,-9.1296365
Jorge Patel,57,838 Hale Highway Suite 801,Leebury,Maine,75160,118.805397,19.277880
Aaron Moreno,44,1122 Ortiz Falls,North Debrafurt,Idaho,62508,90.998784,78.419877
Yesenia Whitehead,41,6511 Karen Avenue,East Amyborough,Rhode Island,64247,62.263894,12.0060025
Roger Dyer,59,287 Davis Park Apt. 143,Timothyton,Minnesota,06903,-91.927581,-43.6211005
Robert Jackson,43,77407 Keller Pass Apt. 088,South Julie,Rhode Island,75277,-111.564737,6.2721815
Scott Smith,57,42541 Adams Station,New Dorothy,Washington,61828,4.455738,59.898774
Veronica Webb,54,3217 Jordan Haven Apt. 659,West Sydney,Utah,89841,-32.037811,0.723600
Daniel Olson,19,44509 Olson Motorway,Boyermouth,Illinois,27065,-71.975194,-46.1196695
Kathryn Ellis,36,31102 Jenkins Rapid,Port Mary,New Hampshire,54163,139.272648,-34.1416215
Debra West,76,433 Carpenter Fords,West Tracey,West Virginia,37907,52.130599,35.6108785
Robert Willis,26,0890 Lindsey Falls Suite 632,West Jonathan,California,39880,15.737251,-75.348901
Sarah Johnson,42,137 Jeffrey Cove,Geraldmouth,Delaware,42255,159.413363,-53.1305115
Steven Wagner,68,0096 Baker Pines,Porterstad,Hawaii,06755,86.634239,-57.397700
Nicole Scott,59,36214 Mary Freeway,Michaelfort,Connecticut,56438,139.719376,-12.6570945
Matthew Taylor,73,8036 Micheal Knolls Apt. 948,Port Crystalhaven,Florida,22341,111.760932,21.783937
Holly Carter,58,80361 Rodney Terrace,North Jessica,Nebraska,05604,108.111224,-88.2080995
Jill Calhoun,73,95296 Traci Lock,Klinemouth,Hawaii,77477,-146.869281,76.515633
Thomas Ellis,79,721 Washington Route,Moodytown,Maine,49179,97.565787,25.980959
Daisy White,45,33897 Gregory Rapid,Port Joshuashire,Missouri,08648,-30.989093,-84.499227
Morgan Wagner DDS,34,503 Smith Stream Suite 163,Kennethfurt,Kentucky,09847,78.581449,-12.509196
Nathan Hernandez,55,91925 Tracy Knoll Apt. 129,Richardview,Hawaii,61868,-18.459116,41.574548
Mario Larsen,70,5144 Amy Way Apt. 708,Foxport,Kansas,60348,146.528316,62.265441
Jacqueline Sexton,69,774 Day Loaf Apt. 165,Port Chelsea,Minnesota,98163,-142.614914,-39.0346295
Angela Moore,59,06836 Jacob Walk Apt. 601,Comptonfort,New Jersey,30816,163.897629,-80.7842635
Justin Alexander,25,95928 Edwards Isle,Snyderfurt,Arkansas,67286,-53.395384,84.6813165
Brandon Hernandez,68,1555 Karen Corners Suite 486,Craigchester,Alabama,81872,-29.457579,-55.1724615
Brittany Franklin,32,2002 Michelle Keys Suite 637,Johnchester,Iowa,59441,101.366212,-29.339265
Kevin Hill,65,780 Hernandez Knoll Apt. 510,North Denise,Illinois,59288,-91.491169,15.1986065
Patricia Jackson,22,41271 Stacy Centers,Reeseside,Vermont,23722,-105.651081,26.744460
Whitney Mcconnell DDS,61,57332 Lauren Mill Apt. 213,Parkerfurt,Nevada,65381,-123.673818,25.1609455
Jon Cooper,30,21988 Moran Dale Apt. 995,West Mercedes,Colorado,99184,134.267106,-28.309974
Tyler Weiss,54,4456 Dalton Locks,Taylorburgh,California,54489,-95.702888,-19.4371365
Andrew Townsend,23,99230 Joseph Glen,West Deborahbury,Colorado,84581,-123.966758,-25.242292
Krista Torres,45,722 Stephen Tunnel,North Ashleyport,South Carolina,02359,-36.430073,-64.4110345
Brent Diaz Jr.,71,06862 Gregory Greens Suite 009,Elliottville,Pennsylvania,23319,-78.097549,29.070314
Jennifer Peterson,53,5475 Amanda Loaf,Katherineville,Ohio,62597,68.923021,21.551084
Damon Grimes,38,7448 Kennedy Hollow,West Randy,Massachusetts,25741,-179.898191,-2.890216
Rebecca Garza,35,25124 Tonya Lodge Suite 534,Lopezmouth,Nevada,83050,-91.916553,-7.9934815
Christine Hughes,59,1279 Schultz Springs Suite 854,North Emily,Delaware,41054,-86.945886,29.2259605
John Mcbride,24,98433 Beasley Walk Suite 205,New Brittanyberg,Idaho,55797,-135.565024,-38.513173
Cheryl Franklin,65,614 David Avenue Suite 578,East Kristen,South Dakota,14170,-46.427717,-80.303736
Patrick Johnson,22,807 Butler Tunnel,Pamelahaven,Oklahoma,10255,73.433018,-6.328675
Jennifer Rosario,74,94167 Ingram Hills,Port Andrew,Tennessee,06261,-74.425687,67.2324805
David Watkins,44,3340 Perkins Manor,Angelaville,Washington,36808,-132.401879,17.265453
Robert Nelson,76,17227 Watts Station Apt. 349,Lorifurt,Minnesota,60144,-171.214114,34.093857
Mark Kline,78,5574 Payne Row,Thompsonton,Alabama,51040,59.595302,-31.481426
Dennis Nelson,31,27323 Cory Village Suite 544,Lake Louisstad,Montana,86815,-2.129418,-72.7684865
Jenny Gallagher,79,5042 Stephanie Plaza,Jordanshire,Utah,78039,49.366940,45.2084555
David Allison,71,9358 Sullivan Flat,New Jamesport,New Hampshire,25894,128.091540,2.456415
Jason Hill,59,1039 Andrea Harbors,East Tina,Iowa,62958,68.019176,32.1798895
Kristina Morgan,53,237 Scott Cape,Lisahaven,Wisconsin,02899,-10.214547,-47.9896885
Anthony Wilson,48,110 Donald Cliffs,Joebury,Oregon,66914,76.690408,68.5398375
Craig Powell,22,614 Brent Expressway Apt. 875,Dominguezberg,New Hampshire,86612,57.270381,-77.9891025
Shawn Tucker,69,805 Brown Junctions,Davisborough,Washington,97387,44.564521,56.1963535
Jesse Neal,76,86009 Davis Tunnel Apt. 395,West Tanyaview,Vermont,22448,-122.754096,-32.329892
Amanda Foster,21,0011 Diana Pine Suite 476,North Richard,Oklahoma,25349,46.249589,23.0862185
Jamie Gilmore,47,428 Michelle Extension Suite 415,Brentborough,Idaho,66249,-108.931818,50.623566
Kristin Morris,68,457 David Rapids,Aaronchester,Wyoming,78887,82.571065,-30.916813
Thomas Morton,68,713 Mccoy Dam Apt. 156,Lake Joannton,Nebraska,46666,82.639598,15.973768
Steven Taylor,57,4850 Eric Crest,Port Victor,Utah,87212,-127.681269,38.127648
Kristy Smith,52,32260 Mann Lake Suite 399,Brendamouth,Virginia,04114,127.826109,-9.8324325
Andrew Smith,51,0645 Walter Center Suite 531,Riceport,Maine,39421,95.547206,16.975688
Olivia Thompson,49,750 Shawn Springs Suite 898,Amberview,New Mexico,50808,-48.946112,26.641156
Raymond Cohen,80,67715 George Locks Apt. 881,North Samantha,Michigan,95327,-98.523567,-45.5422415
Dana Hunter,57,28984 Jonathan Roads,North Erinview,Arizona,40135,93.765545,-50.5491155
Sheila Clark,63,762 Grant Ridge Suite 903,Lake Steve,Arkansas,53278,-66.867615,-73.4764255
Autumn Burke,22,89402 Carter Crescent,Diazchester,Minnesota,40638,-81.481010,-80.1049225
Samuel Ward,79,167 Brandon Ranch Suite 695,Murphyborough,Rhode Island,88369,-125.626293,65.721706
Jennifer Patterson,52,182 Benjamin Stravenue Suite 922,East Clinton,South Carolina,45824,155.931364,-35.079084
Brittany Mckinney,52,736 Dunn Field,South Markhaven,Washington,15846,-118.090257,61.1861865
Norma Green,56,0830 Seth Park Suite 513,Douglasmouth,Maine,51021,-55.299213,13.589213
Jeffrey Weber,63,843 Brown Drive Suite 266,Alexanderberg,Hawaii,25722,-55.878486,82.502216
Sheryl Ho,30,8223 Stephanie Streets,Harrisfurt,New Jersey,37278,-36.802101,85.363463
Scott Santiago,19,66776 Howard Tunnel,East Kimberly,Illinois,15983,91.895223,76.179170
Mark Moon,36,3298 April Bypass,Tylermouth,New Mexico,20709,-36.550302,46.265599
Jason Perez,19,44275 Sara Ports Apt. 761,South Stevenmouth,New Jersey,25428,-4.034910,35.304574
Nicholas Higgins,37,711 Hendricks Ranch Suite 119,South Walter,Alabama,65875,10.585507,-34.517068
John Valentine,40,3934 Skinner Junction,West Donna,Illinois,91537,-4.028209,-10.776367
Marc Young,50,53180 Allen Path,New Michaelstad,Florida,06403,154.359800,1.729628
Rodney Moran,52,3314 Gibson Isle Apt. 897,North Kristinemouth,Mississippi,95528,95.606986,60.8482655
Kenneth Gallagher,33,906 Monique Ville Suite 323,New Susan,Idaho,99783,73.282344,5.7793785
Dylan Hunt,64,22481 Shawn Stream Suite 212,Ericfort,Montana,73322,-154.248405,-67.7582475
Meredith Curry,25,74914 Andrew Divide,Jamesshire,Georgia,78263,-131.343653,7.092456
William Santana,37,048 Robert Trafficway Suite 296,Port Nicole,Missouri,63224,-107.861225,35.426979
Dennis Weaver,44,8625 Bruce Street Suite 195,Colemanchester,Wyoming,90311,-76.941969,-81.709072
Ashley Bowen,47,62874 Melanie Fork,Michaelburgh,Vermont,42482,111.143966,-0.4328445
Jordan Castillo,30,62828 Rebecca Corners,West James,Nevada,21448,-35.362006,35.423613
Kimberly Miller,20,12570 Allen Extension,Dixonberg,New Jersey,16379,-2.455597,53.5616155
Mr. Jerry Hall,35,77036 Dale Court Apt. 824,Tylermouth,Arizona,08861,42.466104,67.8571605
Patrick Lee,43,39299 Debra Burg Apt. 700,West Allisonton,Washington,03977,63.127307,-79.663361
Robert Cox,53,144 Donna Mill,Beckerfurt,Louisiana,33973,-38.748728,-30.6897685
Veronica Levy,39,6895 Grace Expressway Suite 815,Feliciatown,Nevada,37536,-166.975332,-81.198840
Richard Mitchell,24,1229 Pugh Islands Apt. 947,Herringstad,Oklahoma,65690,-0.263279,-82.481756
Michael Perez,56,28059 Buchanan Knolls Apt. 656,Andreaborough,New Mexico,13033,79.050631,-55.516211
Jeremiah Watts,71,61394 Brown Junctions,Smithtown,New Jersey,68463,-4.964741,-47.8318125
Christina Mcdowell,18,46647 Wayne Extensions,East Jamesfurt,Louisiana,60362,147.232752,-42.5218435
Katherine Salas,59,2965 Christina Lake Apt. 572,East Troystad,Alabama,14820,31.941587,8.192266
Anthony Kelly,40,0469 James Underpass,Hollyport,New York,92935,24.054240,-63.279705
Kim Munoz,48,7271 Perez Throughway Suite 458,South David,Minnesota,74356,158.292407,-65.3727545
Stephanie Garrett,19,01774 Garcia Place Suite 239,East Patricia,Texas,50375,104.058519,-5.049004
Stacy Rogers,33,1102 John Forges,North Barbara,Oregon,03259,-8.452508,-74.5148915
Sean Bray,39,1821 Megan Unions,Harrischester,Minnesota,32034,-102.300175,55.416238
William Chan,52,8216 Riggs Overpass Suite 020,Port Stephen,Hawaii,36081,35.671563,65.8070575
Travis Reid,65,06171 Cook Terrace,Port Melissa,Montana,58125,-166.410443,14.494755
Jamie Stephens,35,59239 Perez Viaduct Apt. 499,North Dustin,California,92208,172.031949,76.4644865
Jennifer Fowler,19,624 Odonnell Isle,New Stephentown,Oklahoma,08555,-70.890709,32.9771585
Shawn Becker,53,97052 Kristine River,South Roberto,Utah,48586,-124.498844,-27.7824475
Duane Adkins,66,2102 Lewis Forest,New Stevenville,Nevada,92975,-6.299593,77.643423
Amanda Wright,74,784 Jennifer Dam Apt. 859,East Cynthia,Utah,18490,-169.221952,7.180141
Kelsey Fernandez,29,1012 Kelly Stravenue Suite 392,Maciaston,Nevada,50629,109.134262,59.0444845
Carol Carter,25,4175 Michael Bypass,South Lisa,Kansas,29186,-72.280961,13.559761
Megan Goodwin,51,446 Kristina Land,Jonesstad,Utah,67979,77.842188,67.897970
Joseph Eaton,40,2878 David Valleys,North Jeremy,Minnesota,66798,145.612817,-88.1065445
Michael Perez,69,30050 Jennifer Row,Lake David,South Carolina,98233,-61.651210,-21.5584945
Derek Browning,58,5066 Rodriguez Park Suite 337,Harrisbury,Texas,10941,-135.888322,25.122760
Cynthia Walker,53,5152 Green Branch,South Trevorfort,Missouri,30730,61.016595,-76.474172
Kevin King,28,60218 Wood Lights,Kington,Wyoming,41926,162.895261,-59.326796
Lisa Hunt,75,32483 Michael Way,Maryfort,Delaware,66661,65.324079,28.3015785
Kelsey Kemp,52,398 Perry Viaduct Suite 312,North Kellybury,Arkansas,18179,14.449509,-73.7995835
Catherine Wood,46,78387 Jeffrey Stream Suite 253,South Bradstad,North Dakota,62977,-94.890986,-41.640122
Anthony Washington,72,913 Rebecca Trace,West Stevenchester,Delaware,93113,-65.083681,40.4949255
Ronald Sims,28,814 Rhodes Valleys Apt. 748,Joshuashire,New Mexico,52520,-149.354906,-1.7246315
Jasmine Frazier,65,71084 Boyd Views,North Kristenshire,Indiana,22517,-103.500783,-80.339981
Thomas Mccoy,59,90949 Harrison Run Apt. 446,New Carmen,Washington,93972,64.737185,-8.211556
Seth Jones,72,32854 Moore Dale,South Jessica,Maine,09242,101.870847,26.2713405
Carlos Hurst,51,8351 Bennett Via,Johnchester,South Carolina,30683,-17.151531,15.501739
Christina Brown,78,68908 Burton Glens,Toddstad,Connecticut,54408,103.866376,34.5390765
Michael Lopez,76,6280 Shields Ville Apt. 349,Cookside,Colorado,09344,37.817354,33.8414135
Sherry Sloan,19,23125 Richards Expressway Apt. 575,North Robertland,Colorado,15709,98.223738,44.511467
Jennifer Johnson DDS,73,9377 Courtney Extensions Suite 654,Yangburgh,North Dakota,57072,47.300088,2.6607025
Heather Bryan,63,713 Wyatt Mews Apt. 527,North Chaseton,New York,83520,-43.001944,50.321931
Steven Terrell,18,1050 Meadows Underpass,North Arthur,South Carolina,07962,-129.523356,-20.7167545
Douglas Scott,36,37601 William Hill,Blakeland,Vermont,00925,-100.554645,-58.9839465
Chelsea Frederick,72,04545 Lucas Turnpike,South Chad,Wyoming,35047,-70.135013,-6.351089
Vincent Jarvis,27,14175 Henry Crest,New Donaldhaven,South Carolina,35516,109.469379,34.9222335
Ronald Ramirez,64,634 Stone Estate,West Samuel,Vermont,88873,-66.564108,-85.4998515
James Tyler,37,586 Lisa Street,Matthewborough,New York,24171,125.773475,-74.5231255
Matthew Kim,71,457 Wheeler Summit Suite 394,East Davidfort,Maine,66468,160.793406,8.358746
Gregory Schmidt,21,5687 April Forks Suite 620,Townsendhaven,Iowa,58507,-159.586554,-50.6349435
Amy Cordova,76,704 Gomez Highway Suite 576,East Thomas,Arizona,80155,12.665135,-39.262482
Taylor Hughes,41,52628 Howell Mountains Apt. 431,North Christopherfort,New York,47752,-144.376691,-74.981447
Charles Roberts,66,4225 Michelle Vista Apt. 641,Coxbury,Oregon,53953,3.275515,-20.032123
Kayla Munoz,44,414 Amber Ridges Apt. 426,Schneiderside,Nevada,54288,-102.283463,-68.991859
Paula Zuniga,44,64026 Anita Fords Suite 144,South Janet,Wisconsin,55231,-125.398644,-9.9437405
Amber Black,57,2622 Hopkins Isle,Lake Mitchell,Indiana,01805,-122.754250,-59.792217
Diana Stephens,33,3309 Joseph Forest Suite 626,New Robert,Colorado,41181,58.004267,12.6489385
Richard Hill,46,426 Lisa Court,West Andrewfurt,Nevada,14864,53.845528,20.7977535
James Oneill,63,9838 Murillo Isle,Susanton,Vermont,73765,170.990556,82.229474
Lori Francis,26,67965 Haynes Brook,Port Austintown,Nebraska,24568,91.716993,87.751988
Brian Burgess,32,56246 Shari Cove Apt. 219,South Oscar,Nebraska,10496,-43.942521,27.374515
Robyn Beasley,34,77023 Duncan Brook,New Michael,Kentucky,22588,-152.859971,-88.9224085
Andrew Bond,36,302 David Prairie,Lake Kimberlyshire,Michigan,89694,137.921813,77.7403915
Lauren Walker,51,9231 Ryan Harbors,Richardmouth,Oklahoma,19137,-1.076041,-46.122105
Jennifer Lee,42,6372 Harris Heights Suite 587,West Ashleyburgh,New Jersey,97505,-41.479398,-36.104316
Roy Hines,56,2169 Hughes Lane Apt. 306,Rodriguezburgh,Washington,92294,-86.892036,17.468565
Christine Miller,71,16739 Brian Divide Apt. 881,Bradfordmouth,New York,04047,44.142468,47.9079125
Ryan Wagner,36,57317 Bobby Harbor Apt. 079,West Dylan,Texas,84290,161.262740,-88.961749
Gary Kennedy,25,0347 Samantha Creek Suite 197,South Scott,Colorado,11188,-79.771368,-31.9350645
Kevin Cole,50,19762 Velasquez Oval,Bradleyberg,Colorado,77345,-82.443130,-12.247583
Lauren Winters,24,784 Rebecca Bypass Apt. 946,Cameronchester,Minnesota,16688,-109.064637,72.9369005
Karl Phillips,45,583 Julie Cliffs Apt. 959,Wheelerfort,Wisconsin,16976,156.480824,-17.884869
Tricia Ramirez,27,5120 Hopkins Road,South Kylemouth,California,58432,-62.814175,-89.995919
Amanda Norris,80,87052 Jasmine Circle Suite 860,South Ronaldside,New Hampshire,08889,163.028036,63.628098
Richard Norris,51,46712 Robinson Courts Apt. 995,Johntown,Nevada,76135,94.470632,-44.343522
Todd Smith,78,1218 Daniel Terrace Apt. 888,Hawkinsland,California,64637,7.099197,85.1750225
David Ortega,65,26898 William Ranch,Port Kevinshire,North Carolina,13162,-90.707844,4.3285855
Calvin York,51,353 Dana Flat Suite 094,New Charlesfurt,New York,60325,-79.079201,-2.3757375
Brandi Sullivan,50,057 Daniel Expressway,Cheryltown,North Carolina,83536,90.322931,66.207904
Dr. Cynthia Shields,67,02668 Kelly Centers Apt. 244,Christophershire,South Dakota,41265,34.446168,2.3620075
Zachary Collier,60,3874 Roberts Prairie,Royfort,Montana,74379,100.533891,4.002278
Tammy Martinez,20,88257 Craig Mill,Lake Randy,North Carolina,43122,-43.915879,-32.665632
Amy Ryan,33,19484 Kent Haven,Skinnerhaven,Illinois,21820,-85.607417,-53.2395515
Sarah Elliott,75,4554 Kristin Inlet,South Jessica,California,94496,176.666478,-75.1966795
Rodney Austin,61,651 Moore Oval Apt. 331,New Darrell,Oregon,19623,-94.998242,75.2122605
Kyle Williams,46,3465 Mark Court,Martinezbury,Hawaii,69133,75.319875,-37.2661395
Andrea Garcia,53,24094 Holmes Estates,Lake Brandonhaven,Arkansas,01370,-113.963831,30.532054
Brenda Woods,26,160 Potter Locks Suite 234,Lake Eric,Kansas,81335,48.953158,41.3870945
Isaiah Smith,70,0305 Beth Streets Apt. 285,New Andrea,Nebraska,29607,-93.420227,-68.605933
Nicolas Kim,40,723 Brooks Avenue Suite 046,North Joelland,Wyoming,84048,-92.024677,32.6112315
Travis Pena,28,741 Rogers Rue,West Kevin,Massachusetts,92606,-108.818992,33.731477
Dr. Laura Manning,59,62185 Daniel Harbor Apt. 517,West Michaelmouth,Mississippi,95324,36.491192,83.020378
Jesus Gonzalez,45,68703 Brown Junction,Port Davidberg,Wisconsin,87193,126.419213,-25.5890035
Kari Lopez,74,11030 Ashley Mall,West Abigailhaven,South Dakota,56430,-112.984244,-54.435776
Leah Gonzalez,53,52013 Johnson Prairie,West Gregorystad,South Dakota,83028,46.577821,68.700479
Brianna Johnson,77,15443 Laura Track Suite 045,Kingville,New Mexico,99927,154.494658,38.666575
Candice Arroyo,78,586 Robert Inlet,Port Jacob,New Hampshire,64865,-75.050323,-47.657335
Matthew Fowler,58,227 Foster Park Suite 697,Hermanchester,South Carolina,80868,139.532356,-38.720300
Douglas Mccarty,52,30615 Bradshaw Spur Suite 006,East Heatherfurt,Indiana,10114,-169.759129,-10.1964415
Calvin Castillo,63,7403 Brewer Ferry Apt. 010,Brownland,Pennsylvania,28941,-4.054689,8.877299
Steven Flynn,77,722 Barnes Meadows,New Bailey,Colorado,80179,116.167452,-29.6094705
Karen Sherman,53,77617 Stanley Brook,Breannamouth,South Carolina,34445,-47.677489,-5.580317
Hannah Ford,43,33671 Dominic Islands,South Amanda,Nebraska,81577,89.129240,87.287652
Ralph Sanchez,75,692 Kelly Rapid Suite 370,Fowlerville,North Carolina,72846,-144.091034,22.290209
Shannon Olson,35,933 Gray Forks,Port Alexander,New York,38819,28.241386,-77.8498555
Margaret Oneill PhD,48,1051 Clark Pines Apt. 737,Garciaton,Alabama,06127,-134.686298,-8.3521335
Eric Gutierrez,32,2671 Butler Highway,Lake Annatown,Massachusetts,91929,101.637116,61.550031
William Meza,22,72101 Martinez Plains,Norrisfort,Arkansas,39456,19.886925,52.1543675
Elizabeth Osborne,49,798 Julia Squares,Serranofort,New Mexico,81053,48.586773,46.293789
William Avila,44,11843 Andrew Road,Arnoldhaven,New Mexico,43202,116.384046,-59.3973385
Casey Hicks,20,470 Rivera Ridges,Carrollland,North Dakota,04441,-147.268036,79.534111
Stephanie Hill,55,88040 Carla Tunnel Apt. 642,West Patrick,Mississippi,06898,22.339447,-20.6697655
Elizabeth Jenkins,68,8366 Andrea Lock Apt. 005,New Brandon,Arizona,41406,131.345338,-88.786139
Matthew Cowan,47,81361 Nathan Oval Apt. 744,Thomastown,Massachusetts,21055,-25.599437,-48.301745
William Hughes,80,52831 Morales Flat,Josephborough,Wyoming,08152,115.422125,57.452522
Leslie Juarez,19,07796 Luis Courts Apt. 621,Jamieshire,Kentucky,51309,148.332941,-83.175047
Kathryn Carlson,34,430 Yu Crescent Apt. 690,North Tyler,Alaska,83277,-128.191795,-18.5699925
Roger Mcneil,52,0930 Clark Court,Lake Jessica,Iowa,30286,96.452642,12.8772115
Jessica Jackson,70,11803 Brenda Fords Suite 425,Hernandezbury,Hawaii,01755,-145.070219,79.7407305
Karen Peterson,49,43355 Gibbs Avenue Apt. 673,Martinezburgh,Mississippi,25782,142.529516,77.5769235
Lisa Cannon,78,2541 Johnson Spur,Brycetown,Oregon,78883,-118.793768,-53.8867325
Melissa Crosby,58,96537 Randall Burg,Graybury,New Hampshire,33433,112.859228,67.181848
Brenda Melendez,52,454 Luis Common Apt. 787,West Jessicamouth,Colorado,79463,108.406737,43.5246655
Shaun Thompson,40,6810 Owens Underpass Apt. 163,North Matthew,Iowa,68639,-128.040232,-85.1519495
Derek Martinez,20,8041 Wolf Highway,South Pamelastad,Wisconsin,51447,21.438252,-54.1451755
Anthony Richards,80,9173 Jacqueline Stravenue,North Lisaville,West Virginia,98598,-66.223431,-60.7248255
Diane Walker,23,5442 Alexander Place Suite 131,West Susan,Indiana,81635,48.827290,16.243066
Stephanie Ramirez,46,549 Shawn Crescent Apt. 667,Amyville,Wyoming,63852,27.474029,-45.4617345
Jeffrey Hoffman,43,957 Kristin Place,East Saraland,West Virginia,42319,-132.779084,-77.167517
Robert Flores,18,76685 Shannon Creek Suite 359,Gloverside,Washington,76614,1.015693,-36.7913915
James Hamilton,24,15487 Christopher Plains,Thompsonmouth,Maryland,37292,-173.187157,-62.1072985
James Snyder,39,243 Gonzalez Throughway Apt. 115,Clintonborough,Virginia,99622,41.829825,44.399938
Justin Adkins,32,703 John Estate Suite 872,New Rebecca,Montana,62743,45.278293,-37.4193945
Joseph Collins,19,93513 Dougherty Island Apt. 996,Stevenston,West Virginia,24566,-164.847234,-14.225486
Kimberly Garcia,20,357 Maxwell Forks Apt. 545,East Christine,Rhode Island,58587,-149.139276,3.582288
John Johnson,72,75046 Perez Park Suite 772,Victoriaberg,Ohio,67467,99.396246,-79.8847245
Carol Osborne,39,1849 Rodriguez Haven,Lake Matthew,North Dakota,52661,99.677411,67.4131635
Timothy Lopez,19,0186 Gregory Summit Suite 734,Nicholasview,New Jersey,17687,64.944850,49.635957
Robert Ramirez,66,172 Donna Lodge,Valenciamouth,West Virginia,04548,100.361016,-43.8487415
Mr. Andrew Stewart,41,788 Sandra Camp,Lake Deanmouth,Arkansas,75061,79.173058,70.7411335
Virginia Medina,37,9227 Mcmahon Skyway Suite 806,East Melanieburgh,New Jersey,76321,120.643582,-25.628196
Dawn Cherry,55,526 Jeffery Meadow,Sherryborough,Delaware,43841,-43.016267,47.5866935
Marcus Martinez,22,788 Sarah Forge,Port Davidburgh,Indiana,31943,121.373344,-59.3606175
Tara Hayden,48,307 King Canyon,West Jose,Missouri,46086,14.946097,-36.8679025
Michael Rivera,28,617 Wright Ford Suite 460,Port Christianland,North Carolina,33110,0.122749,-39.269769
Miranda Ruiz,45,54882 Castro Stream Suite 920,Nguyenstad,Alaska,03951,92.388106,-75.1131135
April Murphy,76,091 Smith Freeway,Merrittbury,North Dakota,48365,71.033824,-83.692441
Diana Cabrera,28,2293 Julia Run Suite 753,Lake Elizabeth,Maine,12996,154.336635,-30.0411545
Monica Hansen,47,109 David Court Suite 053,New Jason,Nebraska,06256,-119.977197,-22.5660295
Michelle Diaz,35,090 Mark Ville Suite 531,Port Andrewton,Nevada,02799,167.536895,-45.3922015
Ashley Santana,80,11777 Steven Ports Apt. 352,West Elizabethbury,Arizona,82409,-40.190983,-81.0772565
Chelsea Hammond,28,1874 Holland Islands Suite 939,Richardmouth,Oregon,65354,16.660566,78.1593435
Timothy Odonnell,75,45760 Manuel Avenue,New Jason,Wisconsin,58758,57.199464,84.6534095
Janet Lowery,61,191 Danielle Parks,Ortegabury,Montana,92964,75.597172,69.2152215
Denise Harrison,51,02041 Dorsey Station Apt. 233,Stonebury,Mississippi,26783,-36.471627,64.314224
Dwayne Torres,41,9616 Wilson Pass,West Lindafort,Utah,29235,149.416498,-25.7105795
Jennifer Lambert,43,09936 Sabrina Courts,Port Brandi,Missouri,76548,91.354285,64.9621775
Jasmine Lopez,36,76777 Case Dam Suite 683,Lake Cherylburgh,Illinois,19725,122.921678,-50.961950
James Richards,78,6437 Stevenson Pass,Andreton,Wyoming,54939,-120.541143,-19.191615
John Ramirez,28,2647 Larry Freeway,Davidbury,California,75767,47.572821,25.328967
Lydia Higgins,27,6635 Everett Estates,Bobbytown,California,87290,109.311089,-5.5861625
Kelsey Newton,68,7580 Greer Vista Suite 547,West Ryan,Illinois,46384,96.221152,62.554077
Christopher Roach,57,606 Perez Knolls Suite 916,Port Jamie,Kentucky,51713,86.431470,67.611921
Eric Burton,77,7608 Jordan Tunnel,Paulfort,South Dakota,97840,95.223157,21.1321335
James Collins,23,0195 Jessica Meadows,Micheleshire,Massachusetts,14292,-104.791800,50.6313095
Ronald Barker,53,8281 Alexis Locks,Christopherville,Colorado,95619,7.704541,75.828958
Anthony Case,80,6344 Marc Way,Lake Elizabethborough,Pennsylvania,82473,-47.825758,-2.004385
Colton Calhoun,66,277 Lutz Shore Suite 108,Richardsonchester,South Carolina,12655,125.390450,-32.388063
Robert Munoz,57,90703 Karen Drives,Juliemouth,Kansas,54687,-57.516969,-32.2205785
Rebecca Gutierrez,69,22663 Williams Landing,Jasmineburgh,Idaho,46929,-85.190453,37.8516085
Kathleen Santiago,32,65921 Morris Crossroad,Williamsville,Georgia,77956,146.686149,-22.5861075
Lauren Nielsen,31,0172 Shepherd Port Suite 652,Lake Christopher,Wisconsin,41266,31.412181,61.0441105
Linda Young,64,799 Coffey Run,Smithport,Alaska,73294,-83.670767,30.8214695
Shane Bennett,54,180 Fowler Springs Suite 124,Terrybury,Michigan,38176,-169.688322,3.328050
Jordan Campbell,25,8367 Wilson Lodge,Smithshire,Maryland,99229,49.570436,25.8644695
Troy Horton,50,51983 Kevin Groves Suite 488,Port Robert,Ohio,66094,-104.255133,-69.418404
Jeffrey Brown,26,6322 Jordan Estates Suite 610,South George,Ohio,51728,17.392909,32.656064
Michelle Roberson,51,163 Patricia Cape,Bartletthaven,West Virginia,33194,-72.143538,-3.722687
Jessica Holden,33,3250 Steven Freeway,Lake Toddchester,Michigan,94856,-63.316900,-85.2736005
